institution,region,tier,doc_id,doc_words,second_doc_id,second_doc_kind,reason_no_document,support_course_or_module,support_quiz_test_or_badge,support_workshop_or_live_session,support_guide_toolkit_or_hub,support_prompt_bank_or_tool_howto,support_referencing_help,support_named_academic_support,support_disability_or_wellbeing_support,support_integrity_case_support,support_staff_development,default_ai_banned_unless_authorised,default_ai_permitted_unless_restricted,ai_banned_for_whole_assessment,ai_output_may_be_included_when_assessment_allows,work_must_be_own_not_written_by_ai,no_ai_rewriting_or_paraphrasing_beyond_proofreading,translation_tools_restricted,do_not_use_ai_references_or_treat_ai_as_source,spelling_grammar_proofreading_permitted,ai_permitted_for_study_and_preparation,assistive_technology_use_permitted,ai_should_support_not_replace_own_thinking,account_and_age_restrictions_on_ai_services,rules_set_locally_by_module_or_lecturer,follow_assessment_brief_instructions,ask_tutor_when_unsure,staff_must_state_ai_expectations_in_assessments,assessment_tiered_ai_use_categories,some_assessments_require_or_build_in_ai_use,assessment_redesigned_to_test_process_and_understanding,staff_not_to_use_ai_to_grade_or_give_feedback,acknowledge_or_declare_ai_use,declaration_form_or_content,include_prompts_and_outputs_as_evidence,keep_record_of_ai_interactions,keep_drafts_and_notes_as_evidence_of_authorship,follow_institutional_referencing_guidance_for_ai,reference_ai_use_with_citation,ai_reference_format_or_personal_communication,do_not_enter_personal_or_sensitive_data,personal_or_confidential_data_only_under_stated_conditions,do_not_upload_university_teaching_materials,do_not_upload_copyright_or_third_party_material,research_use_of_ai_needs_ethics_approval_or_consent,ai_tools_may_store_or_train_on_inputs,comply_with_data_protection_law_and_policy,provided_tool_has_data_protection_assurances,institution_provides_or_recommends_tool,ai_output_may_be_wrong_so_verify_it,student_responsible_for_ai_content,passing_off_ai_work_as_own_is_misconduct,use_beyond_permitted_is_misconduct,undeclared_or_unreferenced_ai_use_is_misconduct,penalties_for_ai_misconduct_stated,first_or_minor_offence_handled_educatively,oral_viva_or_panel_to_verify_authorship,fair_process_and_appeal_rights_in_misconduct_cases,strict_liability_ignorance_no_defence,ai_use_may_be_detected_by_staff_or_software,ai_detectors_not_to_be_used,ai_detectors_unreliable_not_sole_basis,complete_training_before_using_ai,training_and_guidance_resources_provided,staff_should_disclose_own_ai_use,ai_environmental_impact,bias_and_exclusion_risks_to_consider,ensure_equal_access_to_ai_tools,students_not_required_to_use_ai,fabricated_references_or_data_is_misconduct,disable_or_avoid_built_in_ai_features,uses_exempt_from_acknowledgement,ai_draws_on_others_work_without_credit_or_consent,compliant_declared_use_not_misconduct,get_consent_before_recording_or_transcribing_others,institution_does_not_endorse_or_provide_listed_tools,students_involved_in_shaping_ai_policy,use_library_sources_not_ai_for_facts,do_not_put_own_work_into_ai_tools,misconduct_terms_defined,sanction_tariff_and_penalty_factors,ai_detector_reports_interpretation_or_handling,using_ai_or_tools_to_disguise_ai_use,placement_or_client_rules_apply,ai_governance_or_oversight_described,ai_literacy_built_into_curriculum,specialist_referral_or_investigation_process,separate_guidance_for_researchers_or_publication
"University of Essex",England,1,essex-students-genai-202610,1404,,,"",none_found,none_found,none_found,none_found,none_found,none_found,optional,none_found,none_found,none_found,not_in_document,not_in_document,not_in_document,not_in_document,stated,not_in_document,not_in_document,not_in_document,stated,stated,not_in_document,stated,not_in_document,stated,not_in_document,not_in_document,borderline,not_in_document,not_in_document,not_in_document,not_in_document,stated,stated,not_in_document,not_in_document,stated,not_in_document,borderline,not_in_document,borderline,not_in_document,not_in_document,stated,not_in_document,not_in_document,not_in_document,not_in_document,not_in_document,stated,stated,stated,not_in_document,not_in_document,stated,not_in_document,not_in_document,not_in_document,not_in_document,not_in_document,not_in_document,not_in_document,not_in_document,borderline,not_in_document,not_in_document,stated,not_in_document,not_in_document,stated,not_in_document,not_in_document,not_in_document,stated,not_in_document,not_in_document,not_in_document,not_in_document,not_in_document,stated,not_in_document,not_in_document,not_in_document,not_in_document,not_in_document,not_in_document,not_in_document,not_in_document
"Canterbury Christ Church University",England,1,canterbury-students-genai-202610,5714,,,"",none_found,none_found,none_found,optional,optional,optional,optional,optional,none_found,none_found,stated,not_in_document,not_in_document,borderline,stated,stated,borderline,borderline,stated,stated,not_in_document,stated,stated,stated,stated,stated,stated,stated,stated,not_in_document,not_in_document,stated,stated,not_in_document,not_in_document,not_in_document,stated,stated,not_in_document,stated,stated,stated,stated,not_in_document,stated,stated,stated,stated,stated,borderline,borderline,stated,stated,not_in_document,borderline,not_in_document,not_in_document,not_in_document,stated,not_in_document,not_in_document,not_in_document,stated,not_in_document,stated,stated,borderline,not_in_document,stated,not_in_document,not_in_document,stated,not_in_document,not_in_document,stated,stated,stated,not_in_document,stated,not_in_document,not_in_document,not_in_document,not_in_document,not_in_document,not_in_document,not_in_document,stated
"Arts University Bournemouth",England,1,aub-students-genai-202610,940,,,"",none_found,none_found,none_found,optional,none_found,optional,none_found,none_found,none_found,none_found,not_in_document,not_in_document,not_in_document,not_in_document,stated,not_in_document,not_in_document,not_in_document,stated,stated,not_in_document,not_in_document,not_in_document,stated,not_in_document,not_in_document,stated,not_in_document,stated,stated,not_in_document,borderline,not_in_document,not_in_document,not_in_document,not_in_document,stated,not_in_document,not_in_document,not_in_document,not_in_document,not_in_document,not_in_document,not_in_document,not_in_document,not_in_document,not_in_document,not_in_document,stated,stated,stated,not_in_document,stated,not_in_document,not_in_document,not_in_document,not_in_document,not_in_document,stated,not_in_document,stated,not_in_document,stated,not_in_document,not_in_document,stated,not_in_document,not_in_document,not_in_document,not_in_document,not_in_document,not_in_document,not_in_document,not_in_document,not_in_document,borderline,not_in_document,not_in_document,not_in_document,not_in_document,not_in_document,not_in_document,not_in_document,not_in_document,stated,not_in_document,not_in_document
"London Metropolitan University",England,1,londonmet-students-genai-202610,569,,,"",none_found,none_found,none_found,optional,none_found,none_found,optional,none_found,none_found,none_found,not_in_document,not_in_document,not_in_document,not_in_document,stated,not_in_document,not_in_document,not_in_document,not_in_document,borderline,not_in_document,stated,not_in_document,not_in_document,not_in_document,stated,not_in_document,not_in_document,stated,not_in_document,not_in_document,not_in_document,not_in_document,not_in_document,not_in_document,not_in_document,not_in_document,stated,not_in_document,not_in_document,not_in_document,not_in_document,not_in_document,not_in_document,not_in_document,not_in_document,not_in_document,not_in_document,stated,not_in_document,stated,not_in_document,not_in_document,not_in_document,not_in_document,not_in_document,not_in_document,not_in_document,not_in_document,not_in_document,not_in_document,not_in_document,stated,not_in_document,not_in_document,not_in_document,not_in_document,not_in_document,not_in_document,not_in_document,not_in_document,not_in_document,not_in_document,not_in_document,not_in_document,not_in_document,not_in_document,not_in_document,borderline,not_in_document,not_in_document,not_in_document,not_in_document,not_in_document,not_in_document,not_in_document,not_in_document
"Leeds Trinity University",England,1,leedstrinity-students-genai-202610,377,,,"",none_found,none_found,none_found,planned,none_found,optional,optional,none_found,none_found,none_found,not_in_document,borderline,not_in_document,not_in_document,stated,not_in_document,not_in_document,not_in_document,not_in_document,not_in_document,not_in_document,not_in_document,not_in_document,not_in_document,not_in_document,stated,stated,not_in_document,not_in_document,not_in_document,not_in_document,not_in_document,not_in_document,not_in_document,not_in_document,not_in_document,not_in_document,not_in_document,not_in_document,not_in_document,not_in_document,not_in_document,not_in_document,not_in_document,not_in_document,not_in_document,not_in_document,not_in_document,not_in_document,not_in_document,not_in_document,not_in_document,not_in_document,not_in_document,not_in_document,not_in_document,not_in_document,not_in_document,not_in_document,not_in_document,not_in_document,not_in_document,stated,not_in_document,not_in_document,not_in_document,not_in_document,not_in_document,not_in_document,not_in_document,not_in_document,not_in_document,not_in_document,not_in_document,not_in_document,borderline,not_in_document,not_in_document,not_in_document,not_in_document,not_in_document,not_in_document,not_in_document,not_in_document,borderline,not_in_document,not_in_document
"Cranfield University",England,1,cranfield-students-genai-202610,256,,,"",optional,none_found,none_found,optional,unspecified,unspecified,none_found,none_found,none_found,optional,not_in_document,not_in_document,not_in_document,not_in_document,not_in_document,not_in_document,not_in_document,not_in_document,not_in_document,not_in_document,not_in_document,not_in_document,not_in_document,not_in_document,not_in_document,not_in_document,not_in_document,not_in_document,not_in_document,not_in_document,not_in_document,not_in_document,not_in_document,not_in_document,not_in_document,not_in_document,not_in_document,not_in_document,not_in_document,not_in_document,not_in_document,not_in_document,not_in_document,not_in_document,not_in_document,not_in_document,not_in_document,not_in_document,not_in_document,not_in_document,not_in_document,not_in_document,not_in_document,not_in_document,not_in_document,not_in_document,not_in_document,not_in_document,not_in_document,not_in_document,not_in_document,not_in_document,stated,not_in_document,not_in_document,not_in_document,not_in_document,not_in_document,not_in_document,not_in_document,not_in_document,not_in_document,not_in_document,not_in_document,not_in_document,borderline,not_in_document,not_in_document,not_in_document,not_in_document,not_in_document,not_in_document,not_in_document,not_in_document,not_in_document,not_in_document,not_in_document
"University of Hertfordshire",England,1,herts-students-genai-202610,722,,,"",none_found,none_found,none_found,optional,none_found,none_found,optional,none_found,none_found,advised,not_in_document,not_in_document,stated,not_in_document,borderline,stated,not_in_document,not_in_document,not_in_document,borderline,not_in_document,borderline,stated,borderline,stated,stated,stated,stated,not_in_document,not_in_document,not_in_document,stated,not_in_document,not_in_document,not_in_document,not_in_document,not_in_document,not_in_document,not_in_document,not_in_document,not_in_document,not_in_document,not_in_document,not_in_document,not_in_document,not_in_document,stated,stated,not_in_document,not_in_document,not_in_document,not_in_document,not_in_document,not_in_document,not_in_document,not_in_document,not_in_document,not_in_document,not_in_document,not_in_document,not_in_document,not_in_document,stated,not_in_document,not_in_document,not_in_document,not_in_document,not_in_document,not_in_document,not_in_document,not_in_document,not_in_document,not_in_document,not_in_document,not_in_document,not_in_document,not_in_document,not_in_document,not_in_document,not_in_document,not_in_document,not_in_document,not_in_document,not_in_document,not_in_document,not_in_document,not_in_document
"University of Exeter",England,1,exeter-students-assessment-202610,1495,,,"",none_found,none_found,optional,optional,none_found,optional,none_found,optional,none_found,none_found,not_in_document,not_in_document,stated,borderline,stated,stated,stated,stated,not_in_document,borderline,stated,stated,not_in_document,borderline,stated,stated,stated,stated,stated,not_in_document,not_in_document,borderline,stated,stated,stated,not_in_document,stated,borderline,not_in_document,stated,not_in_document,not_in_document,not_in_document,not_in_document,not_in_document,not_in_document,not_in_document,not_in_document,stated,not_in_document,stated,borderline,stated,not_in_document,not_in_document,not_in_document,not_in_document,borderline,not_in_document,not_in_document,not_in_document,stated,stated,not_in_document,not_in_document,borderline,not_in_document,borderline,stated,stated,not_in_document,not_in_document,not_in_document,not_in_document,not_in_document,not_in_document,not_in_document,not_in_document,stated,not_in_document,not_in_document,not_in_document,not_in_document,not_in_document,borderline,not_in_document,not_in_document
"University of Cambridge",England,1,cambridge-staff-assessment-202610,481,,,"",none_found,none_found,none_found,advised,none_found,none_found,none_found,none_found,none_found,advised,not_in_document,borderline,not_in_document,not_in_document,not_in_document,not_in_document,not_in_document,not_in_document,not_in_document,stated,not_in_document,borderline,not_in_document,stated,stated,not_in_document,stated,not_in_document,not_in_document,stated,stated,not_in_document,borderline,not_in_document,not_in_document,not_in_document,not_in_document,not_in_document,not_in_document,not_in_document,borderline,not_in_document,not_in_document,not_in_document,stated,not_in_document,not_in_document,not_in_document,not_in_document,not_in_document,stated,not_in_document,not_in_document,not_in_document,not_in_document,not_in_document,not_in_document,not_in_document,not_in_document,not_in_document,stated,not_in_document,stated,not_in_document,not_in_document,not_in_document,not_in_document,not_in_document,not_in_document,not_in_document,not_in_document,stated,not_in_document,not_in_document,not_in_document,not_in_document,not_in_document,not_in_document,not_in_document,not_in_document,not_in_document,not_in_document,not_in_document,not_in_document,not_in_document,not_in_document,not_in_document
"University of Strathclyde",Scotland,1,strath-students-genai-202610,1632,strath-d2-misconduct-procedure-202610,misconduct_procedure,"",optional,none_found,mandatory,advised,none_found,optional,optional,none_found,advised,none_found,not_in_document,not_in_document,not_in_document,not_in_document,stated,borderline,not_in_document,stated,not_in_document,stated,not_in_document,stated,stated,stated,stated,stated,not_in_document,not_in_document,not_in_document,not_in_document,borderline,borderline,not_in_document,not_in_document,not_in_document,not_in_document,not_in_document,not_in_document,not_in_document,stated,not_in_document,stated,stated,not_in_document,stated,not_in_document,not_in_document,stated,stated,not_in_document,stated,stated,stated,stated,general_procedure,general_procedure,general_procedure,general_procedure,stated,stated,not_in_document,not_in_document,stated,not_in_document,not_in_document,stated,not_in_document,not_in_document,general_procedure,not_in_document,not_in_document,stated,not_in_document,not_in_document,not_in_document,not_in_document,not_in_document,not_in_document,general_procedure,borderline,not_in_document,stated,not_in_document,stated,not_in_document,stated,not_in_document
"University of Stirling",Scotland,1,stir-students-genai-202610,276,stir-d2-misconduct-procedure-202610,misconduct_procedure,"",mandatory,none_found,none_found,optional,none_found,none_found,advised,none_found,optional,optional,borderline,not_in_document,not_in_document,not_in_document,general_procedure,stated,not_in_document,not_in_document,not_in_document,borderline,stated,not_in_document,not_in_document,stated,stated,borderline,stated,stated,not_in_document,general_procedure,not_in_document,stated,not_in_document,not_in_document,not_in_document,not_in_document,not_in_document,not_in_document,not_in_document,borderline,not_in_document,not_in_document,not_in_document,not_in_document,stated,not_in_document,not_in_document,not_in_document,stated,not_in_document,stated,stated,stated,general_procedure,general_procedure,general_procedure,general_procedure,general_procedure,general_procedure,not_in_document,not_in_document,borderline,stated,not_in_document,not_in_document,stated,not_in_document,not_in_document,general_procedure,not_in_document,not_in_document,stated,not_in_document,not_in_document,not_in_document,not_in_document,not_in_document,stated,general_procedure,general_procedure,general_procedure,borderline,not_in_document,not_in_document,borderline,general_procedure,not_in_document
"Queen Margaret University",Scotland,1,qmu-students-genai-202610,1082,qmu-d2-misconduct-procedure-202610,misconduct_procedure,"",optional,none_found,none_found,advised,none_found,none_found,none_found,none_found,none_found,advised,not_in_document,not_in_document,not_in_document,not_in_document,not_in_document,not_in_document,not_in_document,not_in_document,not_in_document,borderline,not_in_document,stated,not_in_document,not_in_document,stated,not_in_document,not_in_document,not_in_document,not_in_document,not_in_document,not_in_document,not_in_document,not_in_document,not_in_document,not_in_document,not_in_document,not_in_document,not_in_document,not_in_document,not_in_document,not_in_document,not_in_document,not_in_document,not_in_document,not_in_document,not_in_document,not_in_document,not_in_document,stated,not_in_document,stated,not_in_document,not_in_document,borderline,borderline,general_procedure,general_procedure,not_in_document,borderline,not_in_document,not_in_document,not_in_document,stated,not_in_document,stated,stated,not_in_document,not_in_document,borderline,not_in_document,not_in_document,stated,not_in_document,not_in_document,not_in_document,not_in_document,stated,not_in_document,stated,not_in_document,not_in_document,not_in_document,not_in_document,not_in_document,not_in_document,borderline,not_in_document
"University of Edinburgh",Scotland,1,edinburgh-student-genai-guidelines-202610,1914,edinburgh-d2-assessment-policy-202610,assessment_policy,"",none_found,none_found,none_found,optional,optional,optional,none_found,none_found,none_found,none_found,not_in_document,stated,not_in_document,not_in_document,stated,borderline,stated,stated,borderline,stated,not_in_document,stated,stated,stated,stated,stated,stated,not_in_document,stated,not_in_document,not_in_document,stated,stated,not_in_document,not_in_document,not_in_document,stated,stated,not_in_document,not_in_document,not_in_document,not_in_document,not_in_document,not_in_document,stated,not_in_document,stated,stated,stated,stated,stated,not_in_document,stated,stated,not_in_document,not_in_document,not_in_document,general_procedure,not_in_document,not_in_document,not_in_document,not_in_document,stated,not_in_document,stated,stated,stated,not_in_document,general_procedure,not_in_document,not_in_document,borderline,not_in_document,not_in_document,not_in_document,borderline,not_in_document,not_in_document,stated,not_in_document,not_in_document,not_in_document,not_in_document,borderline,not_in_document,not_in_document,stated
"University of Glasgow",Scotland,1,glasgow-student-genai-guidance-202610,3226,glasgow-d2-misconduct-procedure-202610,misconduct_procedure,"",mandatory,none_found,optional,unspecified,none_found,advised,optional,none_found,optional,none_found,stated,stated,not_in_document,borderline,stated,stated,not_in_document,stated,stated,stated,borderline,stated,not_in_document,stated,stated,stated,stated,borderline,not_in_document,not_in_document,not_in_document,stated,stated,not_in_document,not_in_document,not_in_document,stated,stated,not_in_document,not_in_document,not_in_document,stated,stated,not_in_document,not_in_document,not_in_document,stated,stated,stated,not_in_document,stated,stated,stated,borderline,borderline,general_procedure,general_procedure,general_procedure,stated,not_in_document,not_in_document,not_in_document,stated,not_in_document,not_in_document,stated,not_in_document,not_in_document,stated,not_in_document,stated,not_in_document,borderline,not_in_document,not_in_document,not_in_document,stated,not_in_document,general_procedure,general_procedure,borderline,not_in_document,not_in_document,not_in_document,borderline,general_procedure,not_in_document
"Bangor University",Wales,1,bangor-students-genai-202610,1082,bangor-d2-misconduct-procedure-202610,misconduct_procedure,"",none_found,none_found,none_found,mandatory,none_found,none_found,none_found,none_found,none_found,none_found,not_in_document,stated,stated,stated,stated,stated,general_procedure,not_in_document,stated,stated,not_in_document,borderline,not_in_document,not_in_document,borderline,stated,stated,stated,stated,not_in_document,not_in_document,stated,stated,not_in_document,not_in_document,not_in_document,not_in_document,not_in_document,not_in_document,not_in_document,not_in_document,not_in_document,not_in_document,not_in_document,not_in_document,not_in_document,not_in_document,not_in_document,stated,not_in_document,stated,stated,stated,stated,general_procedure,general_procedure,general_procedure,general_procedure,not_in_document,stated,borderline,not_in_document,borderline,not_in_document,not_in_document,stated,stated,not_in_document,general_procedure,not_in_document,not_in_document,not_in_document,not_in_document,not_in_document,not_in_document,not_in_document,not_in_document,not_in_document,stated,general_procedure,borderline,not_in_document,not_in_document,not_in_document,borderline,general_procedure,not_in_document
"University of Ulster",Northern Ireland,1,ulster-library-genai-guide-202610,352,,,"",none_found,none_found,unspecified,optional,unspecified,unspecified,optional,none_found,none_found,none_found,not_in_document,not_in_document,not_in_document,not_in_document,stated,not_in_document,not_in_document,not_in_document,not_in_document,not_in_document,not_in_document,stated,not_in_document,borderline,not_in_document,stated,not_in_document,not_in_document,not_in_document,not_in_document,not_in_document,stated,not_in_document,stated,not_in_document,not_in_document,stated,stated,not_in_document,stated,not_in_document,not_in_document,stated,not_in_document,not_in_document,not_in_document,not_in_document,not_in_document,stated,stated,not_in_document,not_in_document,not_in_document,not_in_document,not_in_document,not_in_document,not_in_document,not_in_document,not_in_document,not_in_document,not_in_document,not_in_document,stated,not_in_document,not_in_document,not_in_document,not_in_document,not_in_document,not_in_document,not_in_document,not_in_document,not_in_document,not_in_document,not_in_document,not_in_document,not_in_document,not_in_document,not_in_document,not_in_document,not_in_document,not_in_document,not_in_document,not_in_document,not_in_document,not_in_document,not_in_document,not_in_document
"National University of Ireland, Maynooth",Ireland,1,maynooth-ug-ptm-genai-guidelines-202610,3043,,,"",none_found,none_found,none_found,optional,optional,none_found,optional,optional,none_found,none_found,stated,not_in_document,not_in_document,stated,stated,borderline,not_in_document,not_in_document,stated,stated,not_in_document,stated,not_in_document,stated,stated,stated,stated,stated,not_in_document,not_in_document,stated,stated,stated,stated,not_in_document,not_in_document,borderline,stated,not_in_document,stated,not_in_document,not_in_document,not_in_document,not_in_document,stated,not_in_document,stated,stated,stated,not_in_document,borderline,stated,not_in_document,borderline,not_in_document,not_in_document,not_in_document,not_in_document,stated,not_in_document,stated,not_in_document,stated,not_in_document,stated,stated,not_in_document,borderline,not_in_document,stated,not_in_document,stated,not_in_document,stated,not_in_document,stated,not_in_document,not_in_document,not_in_document,not_in_document,stated,not_in_document,not_in_document,borderline,not_in_document,not_in_document,stated
"University of Limerick",Ireland,1,ul-students-genai-202610,692,ul-d2-assessment-policy-202610,assessment_policy,"",optional,none_found,optional,optional,optional,optional,optional,optional,none_found,optional,not_in_document,not_in_document,not_in_document,not_in_document,not_in_document,not_in_document,not_in_document,not_in_document,stated,stated,not_in_document,not_in_document,not_in_document,stated,not_in_document,not_in_document,stated,stated,not_in_document,stated,stated,not_in_document,stated,borderline,not_in_document,not_in_document,borderline,not_in_document,not_in_document,not_in_document,not_in_document,not_in_document,not_in_document,not_in_document,not_in_document,not_in_document,stated,stated,stated,not_in_document,not_in_document,stated,not_in_document,borderline,not_in_document,general_procedure,general_procedure,not_in_document,general_procedure,stated,stated,not_in_document,stated,not_in_document,not_in_document,not_in_document,not_in_document,not_in_document,not_in_document,not_in_document,not_in_document,not_in_document,not_in_document,not_in_document,not_in_document,not_in_document,not_in_document,not_in_document,not_in_document,not_in_document,general_procedure,not_in_document,not_in_document,stated,not_in_document,general_procedure,not_in_document
"Technological University of the Shannon: Midlands Midwest",Ireland,1,tus-students-genai-202610,1633,,,"",optional,optional,none_found,optional,none_found,optional,none_found,none_found,none_found,optional,borderline,not_in_document,not_in_document,not_in_document,stated,not_in_document,not_in_document,not_in_document,not_in_document,not_in_document,not_in_document,not_in_document,not_in_document,not_in_document,not_in_document,not_in_document,not_in_document,not_in_document,not_in_document,not_in_document,not_in_document,stated,not_in_document,not_in_document,not_in_document,not_in_document,stated,stated,not_in_document,not_in_document,not_in_document,not_in_document,not_in_document,not_in_document,not_in_document,not_in_document,not_in_document,not_in_document,borderline,not_in_document,not_in_document,stated,borderline,not_in_document,not_in_document,not_in_document,not_in_document,not_in_document,not_in_document,not_in_document,not_in_document,not_in_document,stated,not_in_document,not_in_document,not_in_document,not_in_document,not_in_document,not_in_document,not_in_document,not_in_document,not_in_document,not_in_document,not_in_document,not_in_document,not_in_document,not_in_document,not_in_document,stated,not_in_document,not_in_document,not_in_document,not_in_document,not_in_document,not_in_document,not_in_document,not_in_document
"University of Leicester",England,1,,,,,"no document audited (blocked_pending_user)",no_document,no_document,no_document,no_document,no_document,no_document,no_document,no_document,no_document,no_document,no_document,no_document,no_document,no_document,no_document,no_document,no_document,no_document,no_document,no_document,no_document,no_document,no_document,no_document,no_document,no_document,no_document,no_document,no_document,no_document,no_document,no_document,no_document,no_document,no_document,no_document,no_document,no_document,no_document,no_document,no_document,no_document,no_document,no_document,no_document,no_document,no_document,no_document,no_document,no_document,no_document,no_document,no_document,no_document,no_document,no_document,no_document,no_document,no_document,no_document,no_document,no_document,no_document,no_document,no_document,no_document,no_document,no_document,no_document,no_document,no_document,no_document,no_document,no_document,no_document,no_document,no_document,no_document,no_document,no_document,no_document,no_document,no_document,no_document,no_document,no_document,no_document
"Lancaster University",England,1,,,,,"document found but not archived (bot wall, script page or robots); waiting for local fetch",no_document,no_document,no_document,no_document,no_document,no_document,no_document,no_document,no_document,no_document,no_document,no_document,no_document,no_document,no_document,no_document,no_document,no_document,no_document,no_document,no_document,no_document,no_document,no_document,no_document,no_document,no_document,no_document,no_document,no_document,no_document,no_document,no_document,no_document,no_document,no_document,no_document,no_document,no_document,no_document,no_document,no_document,no_document,no_document,no_document,no_document,no_document,no_document,no_document,no_document,no_document,no_document,no_document,no_document,no_document,no_document,no_document,no_document,no_document,no_document,no_document,no_document,no_document,no_document,no_document,no_document,no_document,no_document,no_document,no_document,no_document,no_document,no_document,no_document,no_document,no_document,no_document,no_document,no_document,no_document,no_document,no_document,no_document,no_document,no_document,no_document,no_document
"Buckinghamshire New University",England,1,,,,,"no document audited (blocked_pending_user)",no_document,no_document,no_document,no_document,no_document,no_document,no_document,no_document,no_document,no_document,no_document,no_document,no_document,no_document,no_document,no_document,no_document,no_document,no_document,no_document,no_document,no_document,no_document,no_document,no_document,no_document,no_document,no_document,no_document,no_document,no_document,no_document,no_document,no_document,no_document,no_document,no_document,no_document,no_document,no_document,no_document,no_document,no_document,no_document,no_document,no_document,no_document,no_document,no_document,no_document,no_document,no_document,no_document,no_document,no_document,no_document,no_document,no_document,no_document,no_document,no_document,no_document,no_document,no_document,no_document,no_document,no_document,no_document,no_document,no_document,no_document,no_document,no_document,no_document,no_document,no_document,no_document,no_document,no_document,no_document,no_document,no_document,no_document,no_document,no_document,no_document,no_document
"Durham University",England,1,,,,,"document found but not archived (bot wall, script page or robots); waiting for local fetch",no_document,no_document,no_document,no_document,no_document,no_document,no_document,no_document,no_document,no_document,no_document,no_document,no_document,no_document,no_document,no_document,no_document,no_document,no_document,no_document,no_document,no_document,no_document,no_document,no_document,no_document,no_document,no_document,no_document,no_document,no_document,no_document,no_document,no_document,no_document,no_document,no_document,no_document,no_document,no_document,no_document,no_document,no_document,no_document,no_document,no_document,no_document,no_document,no_document,no_document,no_document,no_document,no_document,no_document,no_document,no_document,no_document,no_document,no_document,no_document,no_document,no_document,no_document,no_document,no_document,no_document,no_document,no_document,no_document,no_document,no_document,no_document,no_document,no_document,no_document,no_document,no_document,no_document,no_document,no_document,no_document,no_document,no_document,no_document,no_document,no_document,no_document
"University of Manchester",England,1,manchester-students-genai-202610,1772,,,"",none_found,none_found,none_found,unspecified,none_found,none_found,none_found,advised,none_found,none_found,not_in_document,not_in_document,not_in_document,borderline,not_in_document,borderline,not_in_document,not_in_document,not_in_document,stated,borderline,not_in_document,not_in_document,not_in_document,borderline,not_in_document,stated,stated,stated,not_in_document,not_in_document,not_in_document,not_in_document,not_in_document,borderline,not_in_document,stated,not_in_document,not_in_document,not_in_document,stated,stated,not_in_document,stated,not_in_document,not_in_document,stated,stated,not_in_document,not_in_document,stated,borderline,not_in_document,not_in_document,not_in_document,not_in_document,not_in_document,not_in_document,not_in_document,not_in_document,not_in_document,not_in_document,borderline,not_in_document,stated,not_in_document,not_in_document,stated,not_in_document,not_in_document,not_in_document,not_in_document,not_in_document,stated,not_in_document,stated,not_in_document,not_in_document,not_in_document,borderline,not_in_document,not_in_document,not_in_document,stated,not_in_document,not_in_document,not_in_document
"University of Warwick",England,1,warwick-students-genai-202610,1278,,,"",optional,none_found,none_found,unspecified,none_found,optional,unspecified,none_found,optional,none_found,not_in_document,stated,not_in_document,stated,not_in_document,not_in_document,not_in_document,stated,not_in_document,stated,not_in_document,stated,not_in_document,stated,stated,stated,not_in_document,not_in_document,not_in_document,not_in_document,not_in_document,stated,stated,stated,stated,not_in_document,stated,stated,borderline,not_in_document,stated,not_in_document,not_in_document,not_in_document,not_in_document,not_in_document,stated,stated,stated,not_in_document,not_in_document,stated,stated,not_in_document,not_in_document,not_in_document,not_in_document,not_in_document,not_in_document,not_in_document,not_in_document,stated,stated,not_in_document,not_in_document,stated,not_in_document,not_in_document,not_in_document,not_in_document,not_in_document,not_in_document,not_in_document,not_in_document,not_in_document,not_in_document,stated,not_in_document,not_in_document,not_in_document,not_in_document,not_in_document,not_in_document,not_in_document,not_in_document,not_in_document,not_in_document
"University of Birmingham",England,1,birmingham-students-genai-202610,3305,,,"",optional,none_found,none_found,unspecified,optional,optional,optional,none_found,none_found,none_found,stated,not_in_document,not_in_document,not_in_document,stated,stated,stated,not_in_document,stated,stated,not_in_document,stated,not_in_document,stated,not_in_document,stated,stated,not_in_document,not_in_document,not_in_document,not_in_document,not_in_document,stated,borderline,not_in_document,not_in_document,stated,not_in_document,not_in_document,not_in_document,stated,stated,stated,stated,stated,stated,not_in_document,not_in_document,stated,not_in_document,stated,stated,stated,not_in_document,not_in_document,not_in_document,not_in_document,not_in_document,not_in_document,not_in_document,not_in_document,not_in_document,stated,not_in_document,stated,stated,not_in_document,not_in_document,not_in_document,not_in_document,not_in_document,borderline,not_in_document,not_in_document,not_in_document,not_in_document,borderline,stated,stated,not_in_document,not_in_document,not_in_document,not_in_document,not_in_document,borderline,not_in_document,borderline
"University of Southampton",England,1,southampton-students-genai-202610,1768,,,"",none_found,none_found,none_found,optional,none_found,none_found,optional,optional,none_found,optional,not_in_document,stated,not_in_document,not_in_document,stated,not_in_document,not_in_document,not_in_document,stated,stated,stated,borderline,not_in_document,stated,not_in_document,stated,borderline,not_in_document,borderline,not_in_document,not_in_document,not_in_document,stated,not_in_document,not_in_document,not_in_document,not_in_document,stated,not_in_document,not_in_document,not_in_document,stated,not_in_document,not_in_document,not_in_document,not_in_document,not_in_document,stated,stated,not_in_document,stated,not_in_document,not_in_document,stated,not_in_document,not_in_document,not_in_document,not_in_document,not_in_document,not_in_document,not_in_document,not_in_document,stated,not_in_document,not_in_document,stated,not_in_document,not_in_document,not_in_document,not_in_document,not_in_document,not_in_document,not_in_document,not_in_document,not_in_document,borderline,borderline,not_in_document,not_in_document,not_in_document,not_in_document,not_in_document,not_in_document,not_in_document,stated,not_in_document,borderline
"University of Liverpool",England,1,liverpool-students-genai-202610,362,,,"",none_found,none_found,none_found,optional,optional,optional,none_found,none_found,none_found,none_found,not_in_document,not_in_document,not_in_document,not_in_document,not_in_document,not_in_document,not_in_document,not_in_document,not_in_document,stated,not_in_document,not_in_document,not_in_document,not_in_document,not_in_document,not_in_document,not_in_document,not_in_document,not_in_document,not_in_document,not_in_document,not_in_document,not_in_document,not_in_document,not_in_document,not_in_document,stated,not_in_document,not_in_document,not_in_document,not_in_document,not_in_document,not_in_document,not_in_document,not_in_document,borderline,not_in_document,not_in_document,stated,not_in_document,not_in_document,not_in_document,not_in_document,not_in_document,not_in_document,not_in_document,not_in_document,not_in_document,not_in_document,not_in_document,not_in_document,not_in_document,stated,not_in_document,not_in_document,stated,not_in_document,not_in_document,not_in_document,not_in_document,not_in_document,not_in_document,not_in_document,not_in_document,not_in_document,not_in_document,not_in_document,not_in_document,not_in_document,not_in_document,not_in_document,not_in_document,not_in_document,not_in_document,not_in_document,not_in_document,not_in_document
"University of Lincoln",England,1,lincoln-students-genai-202610,438,,,"",none_found,none_found,none_found,unspecified,none_found,none_found,none_found,none_found,none_found,none_found,not_in_document,not_in_document,not_in_document,not_in_document,stated,not_in_document,not_in_document,not_in_document,borderline,borderline,not_in_document,stated,not_in_document,not_in_document,not_in_document,stated,not_in_document,not_in_document,not_in_document,not_in_document,not_in_document,not_in_document,not_in_document,not_in_document,not_in_document,not_in_document,not_in_document,not_in_document,not_in_document,not_in_document,not_in_document,not_in_document,not_in_document,not_in_document,not_in_document,not_in_document,not_in_document,not_in_document,stated,not_in_document,not_in_document,not_in_document,not_in_document,not_in_document,not_in_document,not_in_document,not_in_document,not_in_document,not_in_document,not_in_document,not_in_document,not_in_document,borderline,not_in_document,not_in_document,stated,not_in_document,not_in_document,not_in_document,not_in_document,not_in_document,not_in_document,not_in_document,not_in_document,not_in_document,not_in_document,not_in_document,not_in_document,not_in_document,not_in_document,not_in_document,not_in_document,not_in_document,borderline,not_in_document,not_in_document,borderline
"Aston University",England,1,aston-students-genai-202610,1002,,,"",mandatory,none_found,optional,none_found,none_found,none_found,none_found,none_found,none_found,mandatory,not_in_document,not_in_document,not_in_document,not_in_document,not_in_document,not_in_document,not_in_document,not_in_document,not_in_document,not_in_document,not_in_document,stated,not_in_document,not_in_document,not_in_document,not_in_document,not_in_document,not_in_document,not_in_document,not_in_document,not_in_document,borderline,not_in_document,not_in_document,not_in_document,not_in_document,not_in_document,not_in_document,not_in_document,not_in_document,stated,not_in_document,not_in_document,borderline,not_in_document,stated,not_in_document,not_in_document,not_in_document,not_in_document,not_in_document,not_in_document,not_in_document,not_in_document,not_in_document,not_in_document,not_in_document,not_in_document,not_in_document,not_in_document,not_in_document,stated,stated,not_in_document,borderline,stated,borderline,not_in_document,not_in_document,not_in_document,not_in_document,not_in_document,not_in_document,not_in_document,not_in_document,borderline,not_in_document,not_in_document,not_in_document,not_in_document,not_in_document,not_in_document,not_in_document,stated,not_in_document,not_in_document,borderline
"University of Surrey",England,1,surrey-students-genai-202610,399,,,"",none_found,none_found,none_found,optional,none_found,none_found,none_found,none_found,none_found,none_found,not_in_document,not_in_document,not_in_document,not_in_document,not_in_document,not_in_document,not_in_document,not_in_document,not_in_document,not_in_document,not_in_document,stated,not_in_document,not_in_document,not_in_document,not_in_document,not_in_document,not_in_document,not_in_document,stated,not_in_document,not_in_document,not_in_document,not_in_document,not_in_document,not_in_document,not_in_document,not_in_document,not_in_document,not_in_document,not_in_document,not_in_document,not_in_document,not_in_document,not_in_document,not_in_document,not_in_document,stated,borderline,not_in_document,not_in_document,not_in_document,not_in_document,not_in_document,not_in_document,not_in_document,not_in_document,not_in_document,not_in_document,not_in_document,not_in_document,not_in_document,stated,not_in_document,not_in_document,not_in_document,stated,not_in_document,not_in_document,not_in_document,not_in_document,not_in_document,not_in_document,not_in_document,not_in_document,stated,not_in_document,not_in_document,not_in_document,not_in_document,not_in_document,not_in_document,not_in_document,stated,stated,not_in_document,not_in_document
"St Mary's University Twickenham London",England,1,,,,,"document found but not archived (bot wall, script page or robots); waiting for local fetch",no_document,no_document,no_document,no_document,no_document,no_document,no_document,no_document,no_document,no_document,no_document,no_document,no_document,no_document,no_document,no_document,no_document,no_document,no_document,no_document,no_document,no_document,no_document,no_document,no_document,no_document,no_document,no_document,no_document,no_document,no_document,no_document,no_document,no_document,no_document,no_document,no_document,no_document,no_document,no_document,no_document,no_document,no_document,no_document,no_document,no_document,no_document,no_document,no_document,no_document,no_document,no_document,no_document,no_document,no_document,no_document,no_document,no_document,no_document,no_document,no_document,no_document,no_document,no_document,no_document,no_document,no_document,no_document,no_document,no_document,no_document,no_document,no_document,no_document,no_document,no_document,no_document,no_document,no_document,no_document,no_document,no_document,no_document,no_document,no_document,no_document,no_document
"Anglia Ruskin University",England,1,anglia-ruskin-students-genai-202610,371,,,"",none_found,none_found,none_found,optional,none_found,none_found,none_found,none_found,none_found,none_found,not_in_document,not_in_document,not_in_document,not_in_document,stated,not_in_document,not_in_document,not_in_document,not_in_document,borderline,not_in_document,borderline,not_in_document,not_in_document,not_in_document,not_in_document,stated,not_in_document,not_in_document,not_in_document,not_in_document,not_in_document,not_in_document,not_in_document,not_in_document,not_in_document,not_in_document,not_in_document,not_in_document,not_in_document,not_in_document,not_in_document,not_in_document,not_in_document,not_in_document,not_in_document,not_in_document,not_in_document,not_in_document,not_in_document,not_in_document,not_in_document,not_in_document,not_in_document,not_in_document,not_in_document,not_in_document,not_in_document,not_in_document,not_in_document,not_in_document,not_in_document,stated,not_in_document,not_in_document,not_in_document,not_in_document,not_in_document,not_in_document,not_in_document,not_in_document,not_in_document,not_in_document,not_in_document,not_in_document,not_in_document,not_in_document,not_in_document,not_in_document,not_in_document,not_in_document,not_in_document,not_in_document,not_in_document,not_in_document,not_in_document,not_in_document
"Newman University",England,1,,,,,"document found but not archived (bot wall, script page or robots); waiting for local fetch",no_document,no_document,no_document,no_document,no_document,no_document,no_document,no_document,no_document,no_document,no_document,no_document,no_document,no_document,no_document,no_document,no_document,no_document,no_document,no_document,no_document,no_document,no_document,no_document,no_document,no_document,no_document,no_document,no_document,no_document,no_document,no_document,no_document,no_document,no_document,no_document,no_document,no_document,no_document,no_document,no_document,no_document,no_document,no_document,no_document,no_document,no_document,no_document,no_document,no_document,no_document,no_document,no_document,no_document,no_document,no_document,no_document,no_document,no_document,no_document,no_document,no_document,no_document,no_document,no_document,no_document,no_document,no_document,no_document,no_document,no_document,no_document,no_document,no_document,no_document,no_document,no_document,no_document,no_document,no_document,no_document,no_document,no_document,no_document,no_document,no_document,no_document
"Kingston University London",England,1,kingston-london-students-genai-202610,6256,,,"",none_found,none_found,none_found,none_found,none_found,none_found,none_found,none_found,optional,none_found,not_in_document,not_in_document,not_in_document,borderline,not_in_document,not_in_document,not_in_document,not_in_document,not_in_document,not_in_document,not_in_document,not_in_document,not_in_document,not_in_document,not_in_document,not_in_document,not_in_document,not_in_document,not_in_document,not_in_document,not_in_document,stated,not_in_document,not_in_document,not_in_document,not_in_document,not_in_document,not_in_document,not_in_document,not_in_document,not_in_document,not_in_document,not_in_document,not_in_document,not_in_document,not_in_document,not_in_document,not_in_document,not_in_document,not_in_document,stated,not_in_document,not_in_document,stated,stated,not_in_document,stated,stated,not_in_document,not_in_document,not_in_document,not_in_document,not_in_document,not_in_document,not_in_document,not_in_document,not_in_document,not_in_document,not_in_document,not_in_document,not_in_document,not_in_document,not_in_document,not_in_document,not_in_document,not_in_document,not_in_document,not_in_document,stated,stated,borderline,not_in_document,not_in_document,not_in_document,not_in_document,stated,not_in_document
"Arden University",England,1,,,,,"document found but not archived (bot wall, script page or robots); waiting for local fetch",no_document,no_document,no_document,no_document,no_document,no_document,no_document,no_document,no_document,no_document,no_document,no_document,no_document,no_document,no_document,no_document,no_document,no_document,no_document,no_document,no_document,no_document,no_document,no_document,no_document,no_document,no_document,no_document,no_document,no_document,no_document,no_document,no_document,no_document,no_document,no_document,no_document,no_document,no_document,no_document,no_document,no_document,no_document,no_document,no_document,no_document,no_document,no_document,no_document,no_document,no_document,no_document,no_document,no_document,no_document,no_document,no_document,no_document,no_document,no_document,no_document,no_document,no_document,no_document,no_document,no_document,no_document,no_document,no_document,no_document,no_document,no_document,no_document,no_document,no_document,no_document,no_document,no_document,no_document,no_document,no_document,no_document,no_document,no_document,no_document,no_document,no_document
"Ravensbourne University London",England,1,,,,,"no document audited (found)",no_document,no_document,no_document,no_document,no_document,no_document,no_document,no_document,no_document,no_document,no_document,no_document,no_document,no_document,no_document,no_document,no_document,no_document,no_document,no_document,no_document,no_document,no_document,no_document,no_document,no_document,no_document,no_document,no_document,no_document,no_document,no_document,no_document,no_document,no_document,no_document,no_document,no_document,no_document,no_document,no_document,no_document,no_document,no_document,no_document,no_document,no_document,no_document,no_document,no_document,no_document,no_document,no_document,no_document,no_document,no_document,no_document,no_document,no_document,no_document,no_document,no_document,no_document,no_document,no_document,no_document,no_document,no_document,no_document,no_document,no_document,no_document,no_document,no_document,no_document,no_document,no_document,no_document,no_document,no_document,no_document,no_document,no_document,no_document,no_document,no_document,no_document
"Institute of Cancer Research",England,1,institute-cancer-research-students-genai-202610,3948,,,"",none_found,none_found,none_found,unspecified,none_found,planned,none_found,none_found,none_found,none_found,not_in_document,not_in_document,not_in_document,not_in_document,not_in_document,not_in_document,not_in_document,not_in_document,not_in_document,not_in_document,not_in_document,not_in_document,not_in_document,not_in_document,not_in_document,not_in_document,not_in_document,not_in_document,not_in_document,not_in_document,not_in_document,not_in_document,not_in_document,not_in_document,not_in_document,not_in_document,not_in_document,not_in_document,not_in_document,not_in_document,not_in_document,not_in_document,not_in_document,not_in_document,not_in_document,not_in_document,not_in_document,not_in_document,not_in_document,not_in_document,stated,borderline,stated,stated,stated,stated,stated,not_in_document,stated,stated,stated,not_in_document,stated,not_in_document,not_in_document,not_in_document,not_in_document,not_in_document,stated,not_in_document,not_in_document,not_in_document,not_in_document,not_in_document,not_in_document,not_in_document,not_in_document,not_in_document,stated,stated,stated,not_in_document,not_in_document,not_in_document,not_in_document,stated,not_in_document
"Heriot-Watt University",Scotland,1,heriot-watt-students-genai-202610,1522,heriot-watt-d2-misconduct-procedure-202610,misconduct_procedure,"",mandatory,none_found,none_found,unspecified,optional,optional,optional,none_found,optional,planned,stated,stated,not_in_document,borderline,stated,not_in_document,not_in_document,stated,not_in_document,borderline,not_in_document,not_in_document,not_in_document,stated,stated,stated,stated,not_in_document,not_in_document,not_in_document,not_in_document,stated,not_in_document,stated,stated,not_in_document,stated,stated,not_in_document,not_in_document,not_in_document,not_in_document,not_in_document,not_in_document,not_in_document,not_in_document,stated,stated,stated,borderline,stated,not_in_document,stated,stated,not_in_document,not_in_document,general_procedure,not_in_document,borderline,stated,not_in_document,borderline,stated,not_in_document,not_in_document,stated,not_in_document,borderline,general_procedure,not_in_document,stated,stated,not_in_document,not_in_document,not_in_document,not_in_document,borderline,not_in_document,stated,stated,borderline,not_in_document,not_in_document,not_in_document,borderline,general_procedure,not_in_document
"Robert Gordon University",Scotland,1,robert-gordon-students-genai-202610,246,robert-gordon-d2-misconduct-procedure-202610,misconduct_procedure,"",none_found,none_found,none_found,none_found,none_found,optional,none_found,none_found,optional,none_found,not_in_document,not_in_document,not_in_document,not_in_document,not_in_document,not_in_document,not_in_document,not_in_document,not_in_document,not_in_document,not_in_document,not_in_document,not_in_document,not_in_document,stated,not_in_document,not_in_document,not_in_document,not_in_document,not_in_document,not_in_document,stated,stated,not_in_document,not_in_document,not_in_document,not_in_document,stated,stated,not_in_document,not_in_document,not_in_document,not_in_document,not_in_document,not_in_document,not_in_document,not_in_document,not_in_document,not_in_document,borderline,stated,not_in_document,not_in_document,borderline,borderline,general_procedure,general_procedure,not_in_document,not_in_document,not_in_document,not_in_document,not_in_document,not_in_document,not_in_document,not_in_document,not_in_document,not_in_document,not_in_document,general_procedure,not_in_document,not_in_document,not_in_document,not_in_document,not_in_document,not_in_document,not_in_document,not_in_document,not_in_document,stated,general_procedure,not_in_document,not_in_document,not_in_document,not_in_document,not_in_document,general_procedure,not_in_document
"University of Dundee",Scotland,1,,,,,"document found but not archived (bot wall, script page or robots); waiting for local fetch",no_document,no_document,no_document,no_document,no_document,no_document,no_document,no_document,no_document,no_document,no_document,no_document,no_document,no_document,no_document,no_document,no_document,no_document,no_document,no_document,no_document,no_document,no_document,no_document,no_document,no_document,no_document,no_document,no_document,no_document,no_document,no_document,no_document,no_document,no_document,no_document,no_document,no_document,no_document,no_document,no_document,no_document,no_document,no_document,no_document,no_document,no_document,no_document,no_document,no_document,no_document,no_document,no_document,no_document,no_document,no_document,no_document,no_document,no_document,no_document,no_document,no_document,no_document,no_document,no_document,no_document,no_document,no_document,no_document,no_document,no_document,no_document,no_document,no_document,no_document,no_document,no_document,no_document,no_document,no_document,no_document,no_document,no_document,no_document,no_document,no_document,no_document
"Scotland's Rural College",Scotland,1,,,,,"no document found",no_document,no_document,no_document,no_document,no_document,no_document,no_document,no_document,no_document,no_document,no_document,no_document,no_document,no_document,no_document,no_document,no_document,no_document,no_document,no_document,no_document,no_document,no_document,no_document,no_document,no_document,no_document,no_document,no_document,no_document,no_document,no_document,no_document,no_document,no_document,no_document,no_document,no_document,no_document,no_document,no_document,no_document,no_document,no_document,no_document,no_document,no_document,no_document,no_document,no_document,no_document,no_document,no_document,no_document,no_document,no_document,no_document,no_document,no_document,no_document,no_document,no_document,no_document,no_document,no_document,no_document,no_document,no_document,no_document,no_document,no_document,no_document,no_document,no_document,no_document,no_document,no_document,no_document,no_document,no_document,no_document,no_document,no_document,no_document,no_document,no_document,no_document
"University of the West of Scotland",Scotland,1,,,,,"no document audited (found)",no_document,no_document,no_document,no_document,no_document,no_document,no_document,no_document,no_document,no_document,no_document,no_document,no_document,no_document,no_document,no_document,no_document,no_document,no_document,no_document,no_document,no_document,no_document,no_document,no_document,no_document,no_document,no_document,no_document,no_document,no_document,no_document,no_document,no_document,no_document,no_document,no_document,no_document,no_document,no_document,no_document,no_document,no_document,no_document,no_document,no_document,no_document,no_document,no_document,no_document,no_document,no_document,no_document,no_document,no_document,no_document,no_document,no_document,no_document,no_document,no_document,no_document,no_document,no_document,no_document,no_document,no_document,no_document,no_document,no_document,no_document,no_document,no_document,no_document,no_document,no_document,no_document,no_document,no_document,no_document,no_document,no_document,no_document,no_document,no_document,no_document,no_document
"Abertay University",Scotland,1,,,,,"document found but not archived (bot wall, script page or robots); waiting for local fetch",no_document,no_document,no_document,no_document,no_document,no_document,no_document,no_document,no_document,no_document,no_document,no_document,no_document,no_document,no_document,no_document,no_document,no_document,no_document,no_document,no_document,no_document,no_document,no_document,no_document,no_document,no_document,no_document,no_document,no_document,no_document,no_document,no_document,no_document,no_document,no_document,no_document,no_document,no_document,no_document,no_document,no_document,no_document,no_document,no_document,no_document,no_document,no_document,no_document,no_document,no_document,no_document,no_document,no_document,no_document,no_document,no_document,no_document,no_document,no_document,no_document,no_document,no_document,no_document,no_document,no_document,no_document,no_document,no_document,no_document,no_document,no_document,no_document,no_document,no_document,no_document,no_document,no_document,no_document,no_document,no_document,no_document,no_document,no_document,no_document,no_document,no_document
"University of the Highlands and Islands",Scotland,1,highlands-and-islands-students-genai-202610,2327,highlands-and-islands-d2-misconduct-procedure-202610,misconduct_procedure,"",none_found,none_found,none_found,optional,none_found,none_found,optional,none_found,none_found,none_found,stated,not_in_document,not_in_document,not_in_document,stated,stated,not_in_document,stated,stated,stated,stated,borderline,stated,stated,borderline,stated,stated,not_in_document,not_in_document,not_in_document,not_in_document,stated,not_in_document,not_in_document,not_in_document,not_in_document,stated,stated,not_in_document,not_in_document,stated,stated,not_in_document,not_in_document,stated,not_in_document,borderline,stated,stated,not_in_document,stated,stated,stated,borderline,not_in_document,not_in_document,not_in_document,not_in_document,stated,not_in_document,not_in_document,not_in_document,stated,not_in_document,stated,stated,not_in_document,not_in_document,borderline,not_in_document,not_in_document,stated,not_in_document,not_in_document,not_in_document,not_in_document,stated,stated,general_procedure,general_procedure,not_in_document,not_in_document,stated,stated,not_in_document,not_in_document,not_in_document
"Aberystwyth University",Wales,1,aberystwyth-students-genai-202610,1274,aberystwyth-d2-misconduct-procedure-202610,misconduct_procedure,"",advised,none_found,optional,advised,optional,none_found,optional,advised,optional,optional,not_in_document,not_in_document,not_in_document,not_in_document,not_in_document,not_in_document,not_in_document,not_in_document,not_in_document,stated,not_in_document,stated,not_in_document,borderline,stated,stated,stated,not_in_document,borderline,borderline,not_in_document,stated,stated,not_in_document,not_in_document,not_in_document,borderline,not_in_document,not_in_document,stated,not_in_document,not_in_document,stated,stated,not_in_document,not_in_document,not_in_document,stated,not_in_document,not_in_document,stated,not_in_document,stated,borderline,general_procedure,stated,general_procedure,borderline,not_in_document,not_in_document,not_in_document,stated,stated,stated,borderline,not_in_document,not_in_document,borderline,general_procedure,not_in_document,not_in_document,not_in_document,not_in_document,not_in_document,not_in_document,not_in_document,borderline,not_in_document,general_procedure,general_procedure,not_in_document,not_in_document,not_in_document,not_in_document,not_in_document,borderline,not_in_document
"Cardiff Metropolitan University",Wales,1,cardiff-metropolitan-students-genai-202610,325,cardiff-metropolitan-d2-misconduct-procedure-202610,misconduct_procedure,"",unspecified,none_found,none_found,optional,none_found,none_found,none_found,none_found,optional,unspecified,stated,not_in_document,not_in_document,not_in_document,stated,not_in_document,not_in_document,not_in_document,not_in_document,not_in_document,not_in_document,stated,not_in_document,stated,stated,borderline,stated,not_in_document,not_in_document,not_in_document,not_in_document,not_in_document,not_in_document,not_in_document,not_in_document,not_in_document,not_in_document,not_in_document,not_in_document,not_in_document,not_in_document,not_in_document,not_in_document,not_in_document,not_in_document,not_in_document,not_in_document,stated,stated,stated,not_in_document,stated,not_in_document,not_in_document,not_in_document,borderline,general_procedure,not_in_document,not_in_document,not_in_document,not_in_document,not_in_document,stated,not_in_document,not_in_document,not_in_document,not_in_document,not_in_document,general_procedure,not_in_document,not_in_document,not_in_document,not_in_document,not_in_document,not_in_document,not_in_document,not_in_document,not_in_document,general_procedure,general_procedure,not_in_document,stated,not_in_document,borderline,borderline,general_procedure,not_in_document
"Cardiff University",Wales,1,,,,,"document found but not archived (bot wall, script page or robots); waiting for local fetch",no_document,no_document,no_document,no_document,no_document,no_document,no_document,no_document,no_document,no_document,no_document,no_document,no_document,no_document,no_document,no_document,no_document,no_document,no_document,no_document,no_document,no_document,no_document,no_document,no_document,no_document,no_document,no_document,no_document,no_document,no_document,no_document,no_document,no_document,no_document,no_document,no_document,no_document,no_document,no_document,no_document,no_document,no_document,no_document,no_document,no_document,no_document,no_document,no_document,no_document,no_document,no_document,no_document,no_document,no_document,no_document,no_document,no_document,no_document,no_document,no_document,no_document,no_document,no_document,no_document,no_document,no_document,no_document,no_document,no_document,no_document,no_document,no_document,no_document,no_document,no_document,no_document,no_document,no_document,no_document,no_document,no_document,no_document,no_document,no_document,no_document,no_document
"Swansea University",Wales,1,swansea-students-genai-202610,1477,swansea-d2-assessment-policy-202610,assessment_policy,"",optional,none_found,optional,optional,optional,optional,optional,none_found,none_found,planned,not_in_document,not_in_document,not_in_document,stated,stated,not_in_document,not_in_document,not_in_document,not_in_document,stated,not_in_document,stated,not_in_document,not_in_document,stated,not_in_document,borderline,not_in_document,not_in_document,stated,stated,stated,borderline,not_in_document,not_in_document,not_in_document,stated,stated,not_in_document,stated,stated,not_in_document,not_in_document,not_in_document,not_in_document,stated,not_in_document,borderline,stated,not_in_document,stated,not_in_document,not_in_document,not_in_document,not_in_document,not_in_document,not_in_document,not_in_document,not_in_document,not_in_document,not_in_document,not_in_document,stated,not_in_document,stated,stated,stated,not_in_document,not_in_document,not_in_document,not_in_document,not_in_document,not_in_document,not_in_document,not_in_document,borderline,not_in_document,not_in_document,not_in_document,not_in_document,not_in_document,not_in_document,not_in_document,borderline,borderline,stated,not_in_document
"University of South Wales",Wales,1,south-wales-students-genai-202610,426,,,"",none_found,none_found,none_found,optional,none_found,none_found,none_found,none_found,none_found,optional,not_in_document,not_in_document,not_in_document,not_in_document,not_in_document,not_in_document,not_in_document,not_in_document,not_in_document,not_in_document,not_in_document,not_in_document,not_in_document,not_in_document,not_in_document,not_in_document,not_in_document,not_in_document,not_in_document,not_in_document,not_in_document,not_in_document,not_in_document,not_in_document,not_in_document,not_in_document,not_in_document,not_in_document,not_in_document,not_in_document,not_in_document,not_in_document,not_in_document,not_in_document,not_in_document,not_in_document,not_in_document,not_in_document,not_in_document,not_in_document,not_in_document,not_in_document,not_in_document,not_in_document,not_in_document,not_in_document,not_in_document,not_in_document,not_in_document,not_in_document,not_in_document,not_in_document,stated,not_in_document,not_in_document,not_in_document,not_in_document,not_in_document,not_in_document,not_in_document,not_in_document,not_in_document,not_in_document,not_in_document,not_in_document,not_in_document,not_in_document,not_in_document,not_in_document,not_in_document,not_in_document,not_in_document,not_in_document,borderline,borderline,not_in_document,not_in_document
"University of Wales Trinity Saint David",Wales,1,wales-trinity-saint-david-students-genai-202610,10090,wales-trinity-saint-david-d2-misconduct-procedure-202610,misconduct_procedure,"",mandatory,none_found,none_found,optional,optional,optional,none_found,none_found,optional,unspecified,not_in_document,not_in_document,not_in_document,stated,stated,stated,not_in_document,stated,stated,stated,not_in_document,stated,not_in_document,stated,stated,stated,stated,stated,not_in_document,not_in_document,not_in_document,stated,stated,stated,stated,stated,not_in_document,not_in_document,borderline,stated,borderline,not_in_document,not_in_document,borderline,borderline,stated,not_in_document,stated,stated,borderline,stated,stated,stated,stated,general_procedure,general_procedure,general_procedure,stated,borderline,not_in_document,not_in_document,stated,not_in_document,not_in_document,stated,stated,not_in_document,borderline,general_procedure,stated,stated,not_in_document,not_in_document,general_procedure,not_in_document,not_in_document,stated,not_in_document,general_procedure,general_procedure,general_procedure,borderline,not_in_document,not_in_document,borderline,general_procedure,not_in_document
"Wrexham University",Wales,1,wrexham-students-genai-202610,1661,,,"",none_found,none_found,none_found,none_found,none_found,none_found,optional,none_found,none_found,none_found,not_in_document,not_in_document,not_in_document,not_in_document,borderline,not_in_document,not_in_document,not_in_document,not_in_document,not_in_document,not_in_document,not_in_document,not_in_document,not_in_document,not_in_document,not_in_document,not_in_document,not_in_document,not_in_document,not_in_document,not_in_document,not_in_document,not_in_document,not_in_document,not_in_document,not_in_document,not_in_document,not_in_document,not_in_document,not_in_document,not_in_document,not_in_document,not_in_document,not_in_document,not_in_document,not_in_document,not_in_document,stated,not_in_document,not_in_document,stated,not_in_document,not_in_document,stated,not_in_document,not_in_document,not_in_document,not_in_document,stated,not_in_document,not_in_document,not_in_document,borderline,not_in_document,not_in_document,not_in_document,not_in_document,not_in_document,not_in_document,not_in_document,not_in_document,not_in_document,not_in_document,not_in_document,not_in_document,not_in_document,not_in_document,not_in_document,stated,not_in_document,stated,borderline,not_in_document,not_in_document,not_in_document,not_in_document,not_in_document
"Queen's University Belfast",Northern Ireland,1,queens-belfast-students-genai-202610,353,,,"",none_found,optional,none_found,optional,none_found,optional,none_found,none_found,none_found,none_found,not_in_document,not_in_document,not_in_document,not_in_document,not_in_document,not_in_document,not_in_document,not_in_document,not_in_document,stated,borderline,not_in_document,not_in_document,not_in_document,not_in_document,not_in_document,not_in_document,not_in_document,not_in_document,not_in_document,not_in_document,not_in_document,not_in_document,not_in_document,not_in_document,not_in_document,stated,not_in_document,not_in_document,not_in_document,not_in_document,not_in_document,not_in_document,not_in_document,not_in_document,not_in_document,not_in_document,not_in_document,not_in_document,not_in_document,not_in_document,not_in_document,not_in_document,not_in_document,not_in_document,not_in_document,not_in_document,not_in_document,not_in_document,not_in_document,not_in_document,not_in_document,stated,not_in_document,borderline,not_in_document,not_in_document,not_in_document,not_in_document,not_in_document,not_in_document,not_in_document,not_in_document,not_in_document,not_in_document,not_in_document,not_in_document,not_in_document,not_in_document,not_in_document,not_in_document,not_in_document,not_in_document,not_in_document,not_in_document,not_in_document,not_in_document
"St Mary's University College",Northern Ireland,1,,,,,"no document found",no_document,no_document,no_document,no_document,no_document,no_document,no_document,no_document,no_document,no_document,no_document,no_document,no_document,no_document,no_document,no_document,no_document,no_document,no_document,no_document,no_document,no_document,no_document,no_document,no_document,no_document,no_document,no_document,no_document,no_document,no_document,no_document,no_document,no_document,no_document,no_document,no_document,no_document,no_document,no_document,no_document,no_document,no_document,no_document,no_document,no_document,no_document,no_document,no_document,no_document,no_document,no_document,no_document,no_document,no_document,no_document,no_document,no_document,no_document,no_document,no_document,no_document,no_document,no_document,no_document,no_document,no_document,no_document,no_document,no_document,no_document,no_document,no_document,no_document,no_document,no_document,no_document,no_document,no_document,no_document,no_document,no_document,no_document,no_document,no_document,no_document,no_document
"Stranmillis University College",Northern Ireland,1,,,,,"no document found",no_document,no_document,no_document,no_document,no_document,no_document,no_document,no_document,no_document,no_document,no_document,no_document,no_document,no_document,no_document,no_document,no_document,no_document,no_document,no_document,no_document,no_document,no_document,no_document,no_document,no_document,no_document,no_document,no_document,no_document,no_document,no_document,no_document,no_document,no_document,no_document,no_document,no_document,no_document,no_document,no_document,no_document,no_document,no_document,no_document,no_document,no_document,no_document,no_document,no_document,no_document,no_document,no_document,no_document,no_document,no_document,no_document,no_document,no_document,no_document,no_document,no_document,no_document,no_document,no_document,no_document,no_document,no_document,no_document,no_document,no_document,no_document,no_document,no_document,no_document,no_document,no_document,no_document,no_document,no_document,no_document,no_document,no_document,no_document,no_document,no_document,no_document
"Technological University Dublin",Ireland,1,tud-students-genai-202610,1749,,,"",none_found,none_found,none_found,none_found,none_found,optional,none_found,none_found,none_found,planned,stated,not_in_document,stated,stated,not_in_document,stated,not_in_document,not_in_document,not_in_document,borderline,not_in_document,not_in_document,not_in_document,stated,stated,not_in_document,stated,stated,stated,stated,stated,borderline,stated,stated,not_in_document,not_in_document,stated,stated,not_in_document,not_in_document,stated,not_in_document,borderline,not_in_document,not_in_document,stated,not_in_document,not_in_document,stated,stated,not_in_document,stated,not_in_document,stated,not_in_document,not_in_document,not_in_document,not_in_document,not_in_document,not_in_document,not_in_document,not_in_document,stated,stated,not_in_document,stated,not_in_document,not_in_document,not_in_document,not_in_document,borderline,not_in_document,not_in_document,not_in_document,not_in_document,not_in_document,not_in_document,not_in_document,not_in_document,not_in_document,not_in_document,not_in_document,not_in_document,borderline,not_in_document,not_in_document,not_in_document
"Munster Technological University",Ireland,1,mtu-students-genai-202610,3707,,,"",none_found,none_found,none_found,none_found,none_found,none_found,optional,none_found,optional,planned,not_in_document,not_in_document,not_in_document,not_in_document,stated,not_in_document,not_in_document,not_in_document,not_in_document,not_in_document,not_in_document,not_in_document,not_in_document,not_in_document,not_in_document,not_in_document,not_in_document,not_in_document,not_in_document,borderline,not_in_document,not_in_document,stated,not_in_document,not_in_document,not_in_document,not_in_document,not_in_document,not_in_document,not_in_document,not_in_document,stated,not_in_document,not_in_document,not_in_document,not_in_document,not_in_document,not_in_document,not_in_document,not_in_document,stated,stated,not_in_document,stated,not_in_document,not_in_document,stated,stated,stated,not_in_document,not_in_document,not_in_document,borderline,not_in_document,not_in_document,not_in_document,not_in_document,not_in_document,borderline,not_in_document,not_in_document,not_in_document,not_in_document,not_in_document,not_in_document,not_in_document,not_in_document,not_in_document,stated,stated,not_in_document,not_in_document,not_in_document,not_in_document,not_in_document,stated,not_in_document
"South East Technological University",Ireland,1,,,,,"document found but not archived (bot wall, script page or robots); waiting for local fetch",no_document,no_document,no_document,no_document,no_document,no_document,no_document,no_document,no_document,no_document,no_document,no_document,no_document,no_document,no_document,no_document,no_document,no_document,no_document,no_document,no_document,no_document,no_document,no_document,no_document,no_document,no_document,no_document,no_document,no_document,no_document,no_document,no_document,no_document,no_document,no_document,no_document,no_document,no_document,no_document,no_document,no_document,no_document,no_document,no_document,no_document,no_document,no_document,no_document,no_document,no_document,no_document,no_document,no_document,no_document,no_document,no_document,no_document,no_document,no_document,no_document,no_document,no_document,no_document,no_document,no_document,no_document,no_document,no_document,no_document,no_document,no_document,no_document,no_document,no_document,no_document,no_document,no_document,no_document,no_document,no_document,no_document,no_document,no_document,no_document,no_document,no_document
"Atlantic Technological University",Ireland,1,,,,,"no document audited (found)",no_document,no_document,no_document,no_document,no_document,no_document,no_document,no_document,no_document,no_document,no_document,no_document,no_document,no_document,no_document,no_document,no_document,no_document,no_document,no_document,no_document,no_document,no_document,no_document,no_document,no_document,no_document,no_document,no_document,no_document,no_document,no_document,no_document,no_document,no_document,no_document,no_document,no_document,no_document,no_document,no_document,no_document,no_document,no_document,no_document,no_document,no_document,no_document,no_document,no_document,no_document,no_document,no_document,no_document,no_document,no_document,no_document,no_document,no_document,no_document,no_document,no_document,no_document,no_document,no_document,no_document,no_document,no_document,no_document,no_document,no_document,no_document,no_document,no_document,no_document,no_document,no_document,no_document,no_document,no_document,no_document,no_document,no_document,no_document,no_document,no_document,no_document
"Trinity College Dublin",Ireland,1,tcd-students-genai-202610,259,tcd-d2-misconduct-procedure-202610,misconduct_procedure,"",none_found,none_found,none_found,advised,none_found,mandatory,none_found,none_found,none_found,planned,not_in_document,stated,not_in_document,not_in_document,borderline,not_in_document,not_in_document,not_in_document,not_in_document,not_in_document,not_in_document,not_in_document,not_in_document,stated,not_in_document,not_in_document,stated,not_in_document,not_in_document,not_in_document,not_in_document,stated,stated,not_in_document,not_in_document,not_in_document,stated,not_in_document,not_in_document,not_in_document,not_in_document,not_in_document,not_in_document,not_in_document,not_in_document,not_in_document,not_in_document,not_in_document,not_in_document,not_in_document,not_in_document,borderline,not_in_document,borderline,not_in_document,not_in_document,not_in_document,not_in_document,not_in_document,not_in_document,not_in_document,borderline,stated,not_in_document,not_in_document,not_in_document,not_in_document,not_in_document,not_in_document,not_in_document,not_in_document,not_in_document,not_in_document,not_in_document,not_in_document,not_in_document,not_in_document,not_in_document,not_in_document,not_in_document,not_in_document,not_in_document,not_in_document,borderline,not_in_document,not_in_document,stated
"University College Dublin",Ireland,1,ucd-students-genai-202610,806,ucd-d2-misconduct-procedure-202610,misconduct_procedure,"",none_found,none_found,none_found,optional,optional,optional,optional,none_found,optional,optional,stated,not_in_document,not_in_document,not_in_document,not_in_document,not_in_document,borderline,not_in_document,not_in_document,stated,not_in_document,stated,not_in_document,not_in_document,not_in_document,not_in_document,stated,not_in_document,not_in_document,not_in_document,not_in_document,stated,not_in_document,not_in_document,not_in_document,not_in_document,stated,stated,not_in_document,not_in_document,not_in_document,not_in_document,not_in_document,not_in_document,not_in_document,not_in_document,not_in_document,not_in_document,stated,not_in_document,borderline,stated,stated,general_procedure,general_procedure,not_in_document,general_procedure,general_procedure,not_in_document,not_in_document,not_in_document,borderline,stated,not_in_document,stated,stated,not_in_document,not_in_document,general_procedure,not_in_document,not_in_document,not_in_document,not_in_document,not_in_document,not_in_document,not_in_document,not_in_document,not_in_document,general_procedure,stated,borderline,stated,not_in_document,stated,not_in_document,general_procedure,not_in_document
"University College Cork",Ireland,1,ucc-students-genai-202610,2089,ucc-d2-misconduct-procedure-202610,misconduct_procedure,"",mandatory,none_found,none_found,mandatory,none_found,none_found,planned,none_found,optional,optional,not_in_document,not_in_document,not_in_document,not_in_document,not_in_document,not_in_document,not_in_document,stated,not_in_document,stated,not_in_document,stated,not_in_document,stated,not_in_document,not_in_document,stated,not_in_document,stated,borderline,stated,stated,stated,borderline,not_in_document,not_in_document,not_in_document,not_in_document,not_in_document,not_in_document,not_in_document,not_in_document,not_in_document,not_in_document,stated,not_in_document,not_in_document,not_in_document,stated,stated,stated,not_in_document,not_in_document,general_procedure,general_procedure,stated,general_procedure,general_procedure,borderline,stated,stated,stated,stated,stated,not_in_document,stated,not_in_document,not_in_document,general_procedure,not_in_document,not_in_document,not_in_document,not_in_document,not_in_document,not_in_document,not_in_document,borderline,not_in_document,stated,general_procedure,stated,not_in_document,not_in_document,not_in_document,borderline,general_procedure,not_in_document
"Dublin City University",Ireland,1,,,,,"document found but not archived (bot wall, script page or robots); waiting for local fetch",no_document,no_document,no_document,no_document,no_document,no_document,no_document,no_document,no_document,no_document,no_document,no_document,no_document,no_document,no_document,no_document,no_document,no_document,no_document,no_document,no_document,no_document,no_document,no_document,no_document,no_document,no_document,no_document,no_document,no_document,no_document,no_document,no_document,no_document,no_document,no_document,no_document,no_document,no_document,no_document,no_document,no_document,no_document,no_document,no_document,no_document,no_document,no_document,no_document,no_document,no_document,no_document,no_document,no_document,no_document,no_document,no_document,no_document,no_document,no_document,no_document,no_document,no_document,no_document,no_document,no_document,no_document,no_document,no_document,no_document,no_document,no_document,no_document,no_document,no_document,no_document,no_document,no_document,no_document,no_document,no_document,no_document,no_document,no_document,no_document,no_document,no_document
"University of East London",England,2,,,,,"document found but not archived (bot wall, script page or robots); waiting for local fetch",no_document,no_document,no_document,no_document,no_document,no_document,no_document,no_document,no_document,no_document,no_document,no_document,no_document,no_document,no_document,no_document,no_document,no_document,no_document,no_document,no_document,no_document,no_document,no_document,no_document,no_document,no_document,no_document,no_document,no_document,no_document,no_document,no_document,no_document,no_document,no_document,no_document,no_document,no_document,no_document,no_document,no_document,no_document,no_document,no_document,no_document,no_document,no_document,no_document,no_document,no_document,no_document,no_document,no_document,no_document,no_document,no_document,no_document,no_document,no_document,no_document,no_document,no_document,no_document,no_document,no_document,no_document,no_document,no_document,no_document,no_document,no_document,no_document,no_document,no_document,no_document,no_document,no_document,no_document,no_document,no_document,no_document,no_document,no_document,no_document,no_document,no_document
"University for the Creative Arts",England,2,for-creative-arts-students-genai-202610,2205,,,"",optional,optional,none_found,optional,optional,optional,optional,none_found,none_found,optional,not_in_document,not_in_document,not_in_document,borderline,stated,not_in_document,not_in_document,not_in_document,stated,stated,not_in_document,stated,not_in_document,not_in_document,not_in_document,not_in_document,not_in_document,not_in_document,not_in_document,not_in_document,not_in_document,stated,stated,stated,not_in_document,not_in_document,stated,stated,stated,stated,not_in_document,not_in_document,stated,not_in_document,borderline,not_in_document,not_in_document,not_in_document,stated,not_in_document,borderline,not_in_document,not_in_document,not_in_document,not_in_document,not_in_document,not_in_document,not_in_document,not_in_document,not_in_document,not_in_document,not_in_document,stated,not_in_document,not_in_document,stated,not_in_document,not_in_document,not_in_document,not_in_document,not_in_document,stated,stated,not_in_document,not_in_document,not_in_document,borderline,not_in_document,stated,not_in_document,not_in_document,not_in_document,not_in_document,not_in_document,not_in_document,not_in_document,not_in_document
"University of Westminster",England,2,westminster-students-genai-202610,430,,,"",optional,none_found,none_found,optional,optional,none_found,none_found,none_found,none_found,none_found,not_in_document,not_in_document,not_in_document,not_in_document,not_in_document,not_in_document,not_in_document,not_in_document,borderline,stated,not_in_document,not_in_document,not_in_document,not_in_document,not_in_document,not_in_document,not_in_document,not_in_document,not_in_document,not_in_document,not_in_document,stated,not_in_document,not_in_document,not_in_document,not_in_document,not_in_document,not_in_document,not_in_document,not_in_document,not_in_document,not_in_document,not_in_document,not_in_document,not_in_document,not_in_document,not_in_document,not_in_document,stated,not_in_document,not_in_document,not_in_document,not_in_document,not_in_document,not_in_document,not_in_document,not_in_document,not_in_document,not_in_document,not_in_document,not_in_document,not_in_document,stated,not_in_document,not_in_document,not_in_document,not_in_document,not_in_document,not_in_document,not_in_document,not_in_document,not_in_document,not_in_document,not_in_document,not_in_document,not_in_document,not_in_document,not_in_document,not_in_document,not_in_document,not_in_document,not_in_document,not_in_document,not_in_document,not_in_document,not_in_document,stated
"University of Bradford",England,2,bradford-students-genai-202610,6073,,,"",optional,none_found,none_found,none_found,none_found,none_found,none_found,none_found,optional,none_found,not_in_document,not_in_document,not_in_document,not_in_document,not_in_document,not_in_document,not_in_document,not_in_document,not_in_document,not_in_document,not_in_document,not_in_document,not_in_document,not_in_document,not_in_document,not_in_document,borderline,not_in_document,not_in_document,not_in_document,not_in_document,not_in_document,not_in_document,not_in_document,not_in_document,not_in_document,not_in_document,not_in_document,not_in_document,not_in_document,not_in_document,not_in_document,not_in_document,not_in_document,not_in_document,not_in_document,not_in_document,not_in_document,not_in_document,not_in_document,not_in_document,stated,stated,stated,borderline,stated,stated,not_in_document,borderline,not_in_document,not_in_document,not_in_document,borderline,not_in_document,not_in_document,not_in_document,not_in_document,not_in_document,not_in_document,not_in_document,not_in_document,not_in_document,not_in_document,not_in_document,not_in_document,not_in_document,not_in_document,not_in_document,stated,stated,not_in_document,not_in_document,not_in_document,not_in_document,not_in_document,borderline,stated
"Queen Mary University of London",England,2,,,,,"document found but not archived (bot wall, script page or robots); waiting for local fetch",no_document,no_document,no_document,no_document,no_document,no_document,no_document,no_document,no_document,no_document,no_document,no_document,no_document,no_document,no_document,no_document,no_document,no_document,no_document,no_document,no_document,no_document,no_document,no_document,no_document,no_document,no_document,no_document,no_document,no_document,no_document,no_document,no_document,no_document,no_document,no_document,no_document,no_document,no_document,no_document,no_document,no_document,no_document,no_document,no_document,no_document,no_document,no_document,no_document,no_document,no_document,no_document,no_document,no_document,no_document,no_document,no_document,no_document,no_document,no_document,no_document,no_document,no_document,no_document,no_document,no_document,no_document,no_document,no_document,no_document,no_document,no_document,no_document,no_document,no_document,no_document,no_document,no_document,no_document,no_document,no_document,no_document,no_document,no_document,no_document,no_document,no_document
"Sheffield Hallam University",England,2,sheffield-hallam-students-genai-202610,1047,,,"",none_found,none_found,none_found,optional,none_found,optional,none_found,none_found,none_found,none_found,stated,borderline,not_in_document,not_in_document,stated,not_in_document,not_in_document,not_in_document,not_in_document,not_in_document,not_in_document,not_in_document,not_in_document,stated,stated,stated,stated,stated,not_in_document,not_in_document,not_in_document,stated,stated,not_in_document,not_in_document,not_in_document,stated,borderline,not_in_document,not_in_document,not_in_document,not_in_document,not_in_document,not_in_document,not_in_document,not_in_document,not_in_document,not_in_document,borderline,not_in_document,stated,borderline,not_in_document,not_in_document,not_in_document,not_in_document,not_in_document,not_in_document,not_in_document,not_in_document,not_in_document,not_in_document,stated,not_in_document,not_in_document,not_in_document,not_in_document,not_in_document,not_in_document,not_in_document,not_in_document,not_in_document,not_in_document,not_in_document,not_in_document,not_in_document,not_in_document,not_in_document,stated,not_in_document,not_in_document,not_in_document,not_in_document,not_in_document,not_in_document,not_in_document,not_in_document
"University of St Andrews",Scotland,2,st-andrews-students-genai-202610,2132,st-andrews-d2-misconduct-procedure-202610,misconduct_procedure,"",mandatory,none_found,optional,none_found,none_found,none_found,optional,optional,optional,none_found,stated,not_in_document,borderline,not_in_document,borderline,stated,general_procedure,not_in_document,stated,stated,stated,stated,not_in_document,stated,stated,stated,stated,not_in_document,not_in_document,not_in_document,not_in_document,stated,stated,stated,stated,stated,not_in_document,stated,not_in_document,stated,not_in_document,not_in_document,not_in_document,not_in_document,stated,borderline,stated,stated,stated,borderline,stated,stated,not_in_document,general_procedure,general_procedure,not_in_document,stated,stated,borderline,stated,stated,borderline,stated,not_in_document,stated,stated,not_in_document,not_in_document,stated,stated,stated,stated,not_in_document,not_in_document,not_in_document,not_in_document,not_in_document,not_in_document,general_procedure,general_procedure,not_in_document,not_in_document,not_in_document,not_in_document,borderline,general_procedure,stated
"Manchester Metropolitan University",England,2,manchester-metropolitan-students-genai-202610,1238,,,"",none_found,none_found,none_found,optional,none_found,advised,optional,none_found,none_found,none_found,stated,not_in_document,not_in_document,not_in_document,stated,not_in_document,not_in_document,borderline,not_in_document,not_in_document,not_in_document,not_in_document,not_in_document,not_in_document,stated,stated,not_in_document,not_in_document,borderline,not_in_document,not_in_document,not_in_document,not_in_document,not_in_document,not_in_document,not_in_document,stated,not_in_document,not_in_document,not_in_document,not_in_document,not_in_document,stated,not_in_document,not_in_document,not_in_document,not_in_document,not_in_document,stated,not_in_document,stated,not_in_document,borderline,stated,not_in_document,not_in_document,not_in_document,not_in_document,stated,not_in_document,not_in_document,not_in_document,stated,not_in_document,not_in_document,not_in_document,not_in_document,not_in_document,not_in_document,not_in_document,not_in_document,not_in_document,not_in_document,not_in_document,not_in_document,not_in_document,not_in_document,not_in_document,not_in_document,not_in_document,not_in_document,not_in_document,not_in_document,not_in_document,not_in_document,not_in_document,not_in_document
"University of Nottingham",England,2,,,,,"document found but not archived (bot wall, script page or robots); waiting for local fetch",no_document,no_document,no_document,no_document,no_document,no_document,no_document,no_document,no_document,no_document,no_document,no_document,no_document,no_document,no_document,no_document,no_document,no_document,no_document,no_document,no_document,no_document,no_document,no_document,no_document,no_document,no_document,no_document,no_document,no_document,no_document,no_document,no_document,no_document,no_document,no_document,no_document,no_document,no_document,no_document,no_document,no_document,no_document,no_document,no_document,no_document,no_document,no_document,no_document,no_document,no_document,no_document,no_document,no_document,no_document,no_document,no_document,no_document,no_document,no_document,no_document,no_document,no_document,no_document,no_document,no_document,no_document,no_document,no_document,no_document,no_document,no_document,no_document,no_document,no_document,no_document,no_document,no_document,no_document,no_document,no_document,no_document,no_document,no_document,no_document,no_document,no_document
"Teesside University",England,2,teesside-students-genai-202610,1837,,,"",optional,none_found,planned,none_found,advised,optional,none_found,none_found,none_found,none_found,not_in_document,not_in_document,not_in_document,not_in_document,not_in_document,not_in_document,not_in_document,stated,stated,stated,not_in_document,stated,not_in_document,not_in_document,stated,borderline,not_in_document,not_in_document,not_in_document,not_in_document,not_in_document,stated,stated,stated,not_in_document,stated,stated,stated,stated,stated,not_in_document,stated,stated,not_in_document,not_in_document,not_in_document,not_in_document,not_in_document,stated,not_in_document,not_in_document,not_in_document,stated,not_in_document,not_in_document,not_in_document,not_in_document,not_in_document,not_in_document,not_in_document,not_in_document,not_in_document,stated,not_in_document,stated,stated,not_in_document,not_in_document,not_in_document,not_in_document,not_in_document,not_in_document,not_in_document,not_in_document,not_in_document,not_in_document,borderline,not_in_document,not_in_document,not_in_document,not_in_document,not_in_document,not_in_document,not_in_document,not_in_document,not_in_document,not_in_document
"University of Portsmouth",England,2,portsmouth-students-genai-202610,1406,,,"",optional,none_found,optional,optional,optional,optional,none_found,none_found,none_found,none_found,not_in_document,stated,not_in_document,not_in_document,stated,not_in_document,not_in_document,not_in_document,stated,stated,not_in_document,stated,not_in_document,not_in_document,stated,not_in_document,not_in_document,not_in_document,not_in_document,not_in_document,not_in_document,stated,stated,not_in_document,not_in_document,not_in_document,not_in_document,not_in_document,not_in_document,not_in_document,not_in_document,not_in_document,not_in_document,not_in_document,not_in_document,not_in_document,not_in_document,stated,not_in_document,borderline,stated,not_in_document,borderline,not_in_document,not_in_document,stated,not_in_document,not_in_document,not_in_document,not_in_document,not_in_document,not_in_document,stated,not_in_document,not_in_document,not_in_document,not_in_document,not_in_document,not_in_document,not_in_document,not_in_document,not_in_document,not_in_document,not_in_document,not_in_document,not_in_document,not_in_document,not_in_document,not_in_document,not_in_document,not_in_document,not_in_document,not_in_document,not_in_document,not_in_document,not_in_document,not_in_document
"Bath Spa University",England,2,bath-spa-students-genai-202610,1984,,,"",none_found,none_found,optional,optional,optional,none_found,optional,none_found,none_found,none_found,borderline,not_in_document,not_in_document,stated,not_in_document,stated,stated,not_in_document,stated,stated,stated,borderline,borderline,stated,stated,not_in_document,borderline,not_in_document,not_in_document,not_in_document,not_in_document,stated,stated,not_in_document,not_in_document,not_in_document,borderline,stated,not_in_document,stated,not_in_document,not_in_document,stated,not_in_document,stated,not_in_document,stated,stated,stated,not_in_document,stated,stated,not_in_document,not_in_document,stated,borderline,not_in_document,not_in_document,stated,stated,stated,not_in_document,stated,not_in_document,stated,stated,not_in_document,not_in_document,not_in_document,not_in_document,stated,stated,not_in_document,not_in_document,not_in_document,not_in_document,borderline,not_in_document,not_in_document,not_in_document,not_in_document,not_in_document,not_in_document,not_in_document,not_in_document,not_in_document,not_in_document
"University of Derby",England,2,derby-students-genai-202610,1224,,,"",unspecified,none_found,unspecified,unspecified,none_found,unspecified,none_found,none_found,none_found,none_found,not_in_document,not_in_document,not_in_document,stated,not_in_document,not_in_document,not_in_document,stated,not_in_document,stated,not_in_document,stated,not_in_document,not_in_document,not_in_document,not_in_document,not_in_document,not_in_document,not_in_document,not_in_document,not_in_document,not_in_document,not_in_document,not_in_document,not_in_document,not_in_document,borderline,not_in_document,not_in_document,borderline,not_in_document,not_in_document,not_in_document,not_in_document,not_in_document,not_in_document,not_in_document,stated,stated,not_in_document,not_in_document,not_in_document,not_in_document,not_in_document,not_in_document,not_in_document,not_in_document,not_in_document,not_in_document,not_in_document,not_in_document,not_in_document,stated,not_in_document,borderline,not_in_document,not_in_document,not_in_document,not_in_document,not_in_document,not_in_document,borderline,not_in_document,not_in_document,not_in_document,not_in_document,stated,not_in_document,not_in_document,not_in_document,not_in_document,not_in_document,not_in_document,not_in_document,not_in_document,not_in_document,not_in_document
"London South Bank University",England,2,,,,,"document found but not archived (bot wall, script page or robots); waiting for local fetch",no_document,no_document,no_document,no_document,no_document,no_document,no_document,no_document,no_document,no_document,no_document,no_document,no_document,no_document,no_document,no_document,no_document,no_document,no_document,no_document,no_document,no_document,no_document,no_document,no_document,no_document,no_document,no_document,no_document,no_document,no_document,no_document,no_document,no_document,no_document,no_document,no_document,no_document,no_document,no_document,no_document,no_document,no_document,no_document,no_document,no_document,no_document,no_document,no_document,no_document,no_document,no_document,no_document,no_document,no_document,no_document,no_document,no_document,no_document,no_document,no_document,no_document,no_document,no_document,no_document,no_document,no_document,no_document,no_document,no_document,no_document,no_document,no_document,no_document,no_document,no_document,no_document,no_document,no_document,no_document,no_document,no_document,no_document,no_document,no_document,no_document,no_document
"University of Bedfordshire",England,2,bedfordshire-students-genai-202610,934,,,"",none_found,none_found,none_found,none_found,none_found,optional,none_found,none_found,none_found,none_found,not_in_document,not_in_document,not_in_document,not_in_document,borderline,not_in_document,not_in_document,not_in_document,not_in_document,stated,not_in_document,stated,not_in_document,not_in_document,stated,stated,not_in_document,not_in_document,not_in_document,not_in_document,not_in_document,not_in_document,not_in_document,stated,not_in_document,not_in_document,stated,stated,not_in_document,not_in_document,not_in_document,not_in_document,not_in_document,not_in_document,not_in_document,not_in_document,not_in_document,not_in_document,stated,not_in_document,stated,not_in_document,stated,not_in_document,not_in_document,stated,not_in_document,not_in_document,stated,not_in_document,not_in_document,not_in_document,stated,not_in_document,not_in_document,not_in_document,not_in_document,not_in_document,not_in_document,not_in_document,not_in_document,not_in_document,not_in_document,not_in_document,not_in_document,not_in_document,stated,not_in_document,not_in_document,not_in_document,not_in_document,not_in_document,not_in_document,not_in_document,not_in_document,not_in_document,not_in_document
"Northumbria University",England,2,,,,,"document found but not archived (bot wall, script page or robots); waiting for local fetch",no_document,no_document,no_document,no_document,no_document,no_document,no_document,no_document,no_document,no_document,no_document,no_document,no_document,no_document,no_document,no_document,no_document,no_document,no_document,no_document,no_document,no_document,no_document,no_document,no_document,no_document,no_document,no_document,no_document,no_document,no_document,no_document,no_document,no_document,no_document,no_document,no_document,no_document,no_document,no_document,no_document,no_document,no_document,no_document,no_document,no_document,no_document,no_document,no_document,no_document,no_document,no_document,no_document,no_document,no_document,no_document,no_document,no_document,no_document,no_document,no_document,no_document,no_document,no_document,no_document,no_document,no_document,no_document,no_document,no_document,no_document,no_document,no_document,no_document,no_document,no_document,no_document,no_document,no_document,no_document,no_document,no_document,no_document,no_document,no_document,no_document,no_document
"Bournemouth University",England,2,,,,,"document found but not archived (bot wall, script page or robots); waiting for local fetch",no_document,no_document,no_document,no_document,no_document,no_document,no_document,no_document,no_document,no_document,no_document,no_document,no_document,no_document,no_document,no_document,no_document,no_document,no_document,no_document,no_document,no_document,no_document,no_document,no_document,no_document,no_document,no_document,no_document,no_document,no_document,no_document,no_document,no_document,no_document,no_document,no_document,no_document,no_document,no_document,no_document,no_document,no_document,no_document,no_document,no_document,no_document,no_document,no_document,no_document,no_document,no_document,no_document,no_document,no_document,no_document,no_document,no_document,no_document,no_document,no_document,no_document,no_document,no_document,no_document,no_document,no_document,no_document,no_document,no_document,no_document,no_document,no_document,no_document,no_document,no_document,no_document,no_document,no_document,no_document,no_document,no_document,no_document,no_document,no_document,no_document,no_document
"Edinburgh Napier University",Scotland,2,edinburgh-napier-students-genai-202610,3750,edinburgh-napier-d2-institutional-policy-202610,institutional_policy,"",none_found,none_found,optional,optional,none_found,none_found,advised,advised,advised,optional,not_in_document,stated,not_in_document,not_in_document,stated,stated,not_in_document,not_in_document,stated,stated,stated,stated,not_in_document,stated,stated,stated,stated,borderline,not_in_document,general_procedure,stated,stated,stated,not_in_document,borderline,stated,not_in_document,stated,not_in_document,stated,not_in_document,stated,stated,not_in_document,stated,stated,not_in_document,not_in_document,stated,stated,stated,stated,borderline,stated,not_in_document,stated,stated,not_in_document,not_in_document,stated,stated,not_in_document,stated,stated,stated,stated,borderline,stated,not_in_document,stated,not_in_document,stated,not_in_document,not_in_document,stated,stated,borderline,not_in_document,borderline,not_in_document,borderline,not_in_document,not_in_document,stated,stated,general_procedure,stated
"Goldsmiths University of London",England,2,goldsmiths-london-students-genai-202610,418,,,"",none_found,none_found,optional,optional,optional,unspecified,none_found,none_found,none_found,optional,not_in_document,not_in_document,not_in_document,not_in_document,not_in_document,not_in_document,not_in_document,not_in_document,not_in_document,not_in_document,not_in_document,not_in_document,not_in_document,not_in_document,not_in_document,not_in_document,not_in_document,not_in_document,not_in_document,not_in_document,not_in_document,not_in_document,not_in_document,not_in_document,not_in_document,not_in_document,not_in_document,not_in_document,not_in_document,not_in_document,not_in_document,not_in_document,not_in_document,not_in_document,not_in_document,not_in_document,not_in_document,not_in_document,not_in_document,not_in_document,not_in_document,not_in_document,not_in_document,not_in_document,not_in_document,not_in_document,not_in_document,not_in_document,not_in_document,not_in_document,not_in_document,not_in_document,stated,not_in_document,stated,stated,not_in_document,stated,not_in_document,not_in_document,not_in_document,stated,not_in_document,not_in_document,stated,borderline,not_in_document,not_in_document,not_in_document,not_in_document,not_in_document,not_in_document,not_in_document,not_in_document,not_in_document,not_in_document,not_in_document
"University of Plymouth",England,2,,,,,"document found but not archived (bot wall, script page or robots); waiting for local fetch",no_document,no_document,no_document,no_document,no_document,no_document,no_document,no_document,no_document,no_document,no_document,no_document,no_document,no_document,no_document,no_document,no_document,no_document,no_document,no_document,no_document,no_document,no_document,no_document,no_document,no_document,no_document,no_document,no_document,no_document,no_document,no_document,no_document,no_document,no_document,no_document,no_document,no_document,no_document,no_document,no_document,no_document,no_document,no_document,no_document,no_document,no_document,no_document,no_document,no_document,no_document,no_document,no_document,no_document,no_document,no_document,no_document,no_document,no_document,no_document,no_document,no_document,no_document,no_document,no_document,no_document,no_document,no_document,no_document,no_document,no_document,no_document,no_document,no_document,no_document,no_document,no_document,no_document,no_document,no_document,no_document,no_document,no_document,no_document,no_document,no_document,no_document
"University of Buckingham",England,2,,,,,"document found but not archived (bot wall, script page or robots); waiting for local fetch",no_document,no_document,no_document,no_document,no_document,no_document,no_document,no_document,no_document,no_document,no_document,no_document,no_document,no_document,no_document,no_document,no_document,no_document,no_document,no_document,no_document,no_document,no_document,no_document,no_document,no_document,no_document,no_document,no_document,no_document,no_document,no_document,no_document,no_document,no_document,no_document,no_document,no_document,no_document,no_document,no_document,no_document,no_document,no_document,no_document,no_document,no_document,no_document,no_document,no_document,no_document,no_document,no_document,no_document,no_document,no_document,no_document,no_document,no_document,no_document,no_document,no_document,no_document,no_document,no_document,no_document,no_document,no_document,no_document,no_document,no_document,no_document,no_document,no_document,no_document,no_document,no_document,no_document,no_document,no_document,no_document,no_document,no_document,no_document,no_document,no_document,no_document
"University of Sunderland",England,2,sunderland-students-genai-202610,1380,,,"",none_found,none_found,none_found,none_found,none_found,unspecified,none_found,none_found,none_found,none_found,not_in_document,not_in_document,not_in_document,not_in_document,not_in_document,not_in_document,not_in_document,stated,not_in_document,not_in_document,not_in_document,stated,not_in_document,stated,not_in_document,stated,not_in_document,not_in_document,not_in_document,not_in_document,not_in_document,stated,stated,stated,not_in_document,not_in_document,stated,stated,stated,not_in_document,not_in_document,not_in_document,not_in_document,not_in_document,not_in_document,not_in_document,not_in_document,not_in_document,stated,not_in_document,not_in_document,not_in_document,not_in_document,not_in_document,not_in_document,not_in_document,not_in_document,not_in_document,not_in_document,not_in_document,not_in_document,not_in_document,stated,not_in_document,not_in_document,not_in_document,not_in_document,not_in_document,not_in_document,not_in_document,not_in_document,not_in_document,not_in_document,not_in_document,not_in_document,not_in_document,borderline,not_in_document,not_in_document,not_in_document,not_in_document,not_in_document,not_in_document,not_in_document,not_in_document,not_in_document,not_in_document
"Oxford Brookes University",England,2,oxford-brookes-students-genai-202610,1516,,,"",advised,none_found,none_found,optional,none_found,optional,none_found,none_found,none_found,none_found,not_in_document,borderline,borderline,not_in_document,stated,not_in_document,not_in_document,stated,not_in_document,stated,not_in_document,stated,not_in_document,stated,stated,stated,not_in_document,not_in_document,not_in_document,not_in_document,not_in_document,stated,stated,not_in_document,not_in_document,not_in_document,not_in_document,not_in_document,not_in_document,stated,not_in_document,not_in_document,stated,not_in_document,stated,borderline,stated,stated,stated,not_in_document,stated,borderline,not_in_document,not_in_document,not_in_document,not_in_document,not_in_document,not_in_document,not_in_document,not_in_document,not_in_document,stated,stated,not_in_document,not_in_document,stated,not_in_document,not_in_document,not_in_document,not_in_document,not_in_document,not_in_document,not_in_document,not_in_document,borderline,not_in_document,not_in_document,not_in_document,not_in_document,not_in_document,not_in_document,not_in_document,not_in_document,not_in_document,not_in_document,not_in_document,not_in_document
"University of Sussex",England,2,sussex-students-genai-202610,3970,,,"",none_found,none_found,optional,optional,optional,optional,optional,optional,none_found,none_found,stated,not_in_document,stated,not_in_document,stated,stated,stated,stated,stated,stated,stated,borderline,not_in_document,stated,stated,stated,stated,stated,borderline,not_in_document,not_in_document,stated,stated,stated,stated,stated,stated,not_in_document,not_in_document,stated,not_in_document,not_in_document,not_in_document,not_in_document,stated,not_in_document,stated,stated,stated,stated,stated,stated,stated,not_in_document,not_in_document,not_in_document,not_in_document,not_in_document,not_in_document,not_in_document,not_in_document,not_in_document,stated,not_in_document,not_in_document,stated,borderline,not_in_document,stated,stated,not_in_document,stated,not_in_document,not_in_document,stated,not_in_document,stated,not_in_document,not_in_document,not_in_document,not_in_document,not_in_document,not_in_document,not_in_document,not_in_document,not_in_document,not_in_document
"Southampton Solent University",England,2,southampton-solent-students-genai-202610,3776,,,"",none_found,none_found,none_found,planned,none_found,none_found,none_found,none_found,none_found,planned,stated,borderline,not_in_document,not_in_document,stated,not_in_document,not_in_document,not_in_document,borderline,stated,borderline,stated,not_in_document,stated,stated,not_in_document,stated,not_in_document,borderline,stated,stated,not_in_document,not_in_document,not_in_document,not_in_document,not_in_document,stated,stated,not_in_document,stated,stated,stated,stated,stated,stated,stated,not_in_document,not_in_document,stated,stated,stated,stated,not_in_document,not_in_document,not_in_document,not_in_document,not_in_document,not_in_document,borderline,not_in_document,stated,not_in_document,stated,not_in_document,stated,stated,stated,stated,not_in_document,not_in_document,not_in_document,stated,borderline,not_in_document,not_in_document,stated,borderline,stated,stated,not_in_document,borderline,not_in_document,not_in_document,stated,borderline,not_in_document,borderline
"Nottingham Trent University",England,2,,,,,"document found but not archived (bot wall, script page or robots); waiting for local fetch",no_document,no_document,no_document,no_document,no_document,no_document,no_document,no_document,no_document,no_document,no_document,no_document,no_document,no_document,no_document,no_document,no_document,no_document,no_document,no_document,no_document,no_document,no_document,no_document,no_document,no_document,no_document,no_document,no_document,no_document,no_document,no_document,no_document,no_document,no_document,no_document,no_document,no_document,no_document,no_document,no_document,no_document,no_document,no_document,no_document,no_document,no_document,no_document,no_document,no_document,no_document,no_document,no_document,no_document,no_document,no_document,no_document,no_document,no_document,no_document,no_document,no_document,no_document,no_document,no_document,no_document,no_document,no_document,no_document,no_document,no_document,no_document,no_document,no_document,no_document,no_document,no_document,no_document,no_document,no_document,no_document,no_document,no_document,no_document,no_document,no_document,no_document
"University of the Arts London",England,2,,,,,"document found but not archived (bot wall, script page or robots); waiting for local fetch",no_document,no_document,no_document,no_document,no_document,no_document,no_document,no_document,no_document,no_document,no_document,no_document,no_document,no_document,no_document,no_document,no_document,no_document,no_document,no_document,no_document,no_document,no_document,no_document,no_document,no_document,no_document,no_document,no_document,no_document,no_document,no_document,no_document,no_document,no_document,no_document,no_document,no_document,no_document,no_document,no_document,no_document,no_document,no_document,no_document,no_document,no_document,no_document,no_document,no_document,no_document,no_document,no_document,no_document,no_document,no_document,no_document,no_document,no_document,no_document,no_document,no_document,no_document,no_document,no_document,no_document,no_document,no_document,no_document,no_document,no_document,no_document,no_document,no_document,no_document,no_document,no_document,no_document,no_document,no_document,no_document,no_document,no_document,no_document,no_document,no_document,no_document
"University of Chester",England,2,chester-students-genai-202610,451,,,"",advised,none_found,none_found,optional,optional,optional,none_found,none_found,none_found,none_found,stated,not_in_document,not_in_document,not_in_document,not_in_document,not_in_document,not_in_document,not_in_document,not_in_document,not_in_document,not_in_document,not_in_document,not_in_document,not_in_document,stated,stated,not_in_document,not_in_document,not_in_document,not_in_document,not_in_document,not_in_document,stated,not_in_document,not_in_document,not_in_document,not_in_document,not_in_document,not_in_document,not_in_document,not_in_document,not_in_document,not_in_document,not_in_document,not_in_document,not_in_document,not_in_document,not_in_document,not_in_document,not_in_document,not_in_document,not_in_document,stated,stated,not_in_document,not_in_document,not_in_document,not_in_document,not_in_document,not_in_document,not_in_document,stated,stated,not_in_document,not_in_document,not_in_document,not_in_document,not_in_document,not_in_document,not_in_document,not_in_document,not_in_document,not_in_document,not_in_document,not_in_document,not_in_document,not_in_document,not_in_document,not_in_document,not_in_document,not_in_document,not_in_document,not_in_document,not_in_document,borderline,not_in_document,not_in_document
"Birmingham City University",England,2,birmingham-city-students-genai-202610,345,,,"",none_found,unspecified,none_found,optional,none_found,none_found,none_found,none_found,none_found,none_found,not_in_document,not_in_document,not_in_document,not_in_document,not_in_document,not_in_document,not_in_document,not_in_document,not_in_document,not_in_document,not_in_document,borderline,stated,stated,stated,stated,not_in_document,stated,stated,not_in_document,not_in_document,not_in_document,not_in_document,not_in_document,not_in_document,not_in_document,not_in_document,not_in_document,not_in_document,not_in_document,not_in_document,not_in_document,not_in_document,not_in_document,not_in_document,not_in_document,not_in_document,stated,not_in_document,not_in_document,not_in_document,not_in_document,not_in_document,not_in_document,not_in_document,not_in_document,not_in_document,not_in_document,not_in_document,not_in_document,not_in_document,not_in_document,borderline,not_in_document,not_in_document,not_in_document,not_in_document,not_in_document,not_in_document,not_in_document,not_in_document,not_in_document,not_in_document,not_in_document,not_in_document,not_in_document,not_in_document,not_in_document,not_in_document,not_in_document,not_in_document,not_in_document,not_in_document,not_in_document,not_in_document,not_in_document,borderline
"Regent's University London",England,2,regents-london-students-genai-202610,6403,,,"",none_found,none_found,none_found,none_found,none_found,none_found,none_found,none_found,optional,none_found,not_in_document,not_in_document,not_in_document,not_in_document,not_in_document,not_in_document,not_in_document,not_in_document,not_in_document,not_in_document,not_in_document,not_in_document,not_in_document,stated,borderline,not_in_document,not_in_document,not_in_document,not_in_document,not_in_document,not_in_document,not_in_document,not_in_document,not_in_document,not_in_document,stated,not_in_document,stated,not_in_document,not_in_document,not_in_document,not_in_document,not_in_document,not_in_document,not_in_document,not_in_document,not_in_document,not_in_document,not_in_document,not_in_document,stated,stated,not_in_document,borderline,not_in_document,stated,borderline,stated,stated,not_in_document,not_in_document,not_in_document,not_in_document,not_in_document,not_in_document,not_in_document,not_in_document,not_in_document,borderline,not_in_document,not_in_document,not_in_document,not_in_document,not_in_document,not_in_document,not_in_document,not_in_document,not_in_document,stated,stated,not_in_document,not_in_document,not_in_document,not_in_document,not_in_document,stated,not_in_document
"Liverpool Hope University",England,2,liverpool-hope-students-genai-202610,995,,,"",none_found,none_found,none_found,optional,optional,optional,optional,none_found,none_found,none_found,not_in_document,stated,not_in_document,not_in_document,stated,not_in_document,not_in_document,not_in_document,borderline,stated,not_in_document,stated,not_in_document,stated,not_in_document,not_in_document,stated,not_in_document,not_in_document,not_in_document,not_in_document,not_in_document,stated,stated,borderline,not_in_document,stated,not_in_document,not_in_document,not_in_document,not_in_document,not_in_document,not_in_document,not_in_document,not_in_document,not_in_document,not_in_document,stated,not_in_document,not_in_document,stated,not_in_document,stated,not_in_document,not_in_document,not_in_document,not_in_document,not_in_document,not_in_document,not_in_document,not_in_document,not_in_document,stated,not_in_document,stated,stated,not_in_document,not_in_document,not_in_document,not_in_document,not_in_document,borderline,not_in_document,not_in_document,not_in_document,not_in_document,not_in_document,not_in_document,not_in_document,not_in_document,not_in_document,not_in_document,not_in_document,not_in_document,not_in_document,not_in_document,not_in_document
"University of Chichester",England,2,,,,,"document found but not archived (bot wall, script page or robots); waiting for local fetch",no_document,no_document,no_document,no_document,no_document,no_document,no_document,no_document,no_document,no_document,no_document,no_document,no_document,no_document,no_document,no_document,no_document,no_document,no_document,no_document,no_document,no_document,no_document,no_document,no_document,no_document,no_document,no_document,no_document,no_document,no_document,no_document,no_document,no_document,no_document,no_document,no_document,no_document,no_document,no_document,no_document,no_document,no_document,no_document,no_document,no_document,no_document,no_document,no_document,no_document,no_document,no_document,no_document,no_document,no_document,no_document,no_document,no_document,no_document,no_document,no_document,no_document,no_document,no_document,no_document,no_document,no_document,no_document,no_document,no_document,no_document,no_document,no_document,no_document,no_document,no_document,no_document,no_document,no_document,no_document,no_document,no_document,no_document,no_document,no_document,no_document,no_document
"University of York",England,2,york-students-genai-202610,2425,,,"",none_found,none_found,none_found,mandatory,none_found,unspecified,optional,none_found,none_found,none_found,borderline,not_in_document,stated,not_in_document,stated,stated,stated,not_in_document,stated,stated,not_in_document,stated,stated,borderline,stated,stated,not_in_document,not_in_document,not_in_document,not_in_document,not_in_document,not_in_document,not_in_document,not_in_document,not_in_document,stated,borderline,not_in_document,not_in_document,not_in_document,not_in_document,not_in_document,not_in_document,not_in_document,stated,not_in_document,stated,stated,stated,not_in_document,stated,not_in_document,not_in_document,stated,not_in_document,stated,not_in_document,not_in_document,stated,not_in_document,not_in_document,not_in_document,stated,not_in_document,not_in_document,stated,stated,not_in_document,not_in_document,not_in_document,not_in_document,not_in_document,stated,not_in_document,not_in_document,not_in_document,not_in_document,borderline,stated,not_in_document,not_in_document,not_in_document,not_in_document,borderline,not_in_document,not_in_document,stated
"University of Wolverhampton",England,2,,,,,"document found but not archived (bot wall, script page or robots); waiting for local fetch",no_document,no_document,no_document,no_document,no_document,no_document,no_document,no_document,no_document,no_document,no_document,no_document,no_document,no_document,no_document,no_document,no_document,no_document,no_document,no_document,no_document,no_document,no_document,no_document,no_document,no_document,no_document,no_document,no_document,no_document,no_document,no_document,no_document,no_document,no_document,no_document,no_document,no_document,no_document,no_document,no_document,no_document,no_document,no_document,no_document,no_document,no_document,no_document,no_document,no_document,no_document,no_document,no_document,no_document,no_document,no_document,no_document,no_document,no_document,no_document,no_document,no_document,no_document,no_document,no_document,no_document,no_document,no_document,no_document,no_document,no_document,no_document,no_document,no_document,no_document,no_document,no_document,no_document,no_document,no_document,no_document,no_document,no_document,no_document,no_document,no_document,no_document
"Middlesex University London",England,2,middlesex-london-students-genai-202610,1479,,,"",planned,none_found,none_found,planned,none_found,planned,none_found,none_found,none_found,optional,not_in_document,not_in_document,stated,stated,stated,borderline,stated,not_in_document,stated,stated,stated,stated,not_in_document,stated,stated,stated,stated,stated,not_in_document,stated,not_in_document,stated,not_in_document,not_in_document,not_in_document,not_in_document,not_in_document,stated,not_in_document,not_in_document,not_in_document,not_in_document,not_in_document,not_in_document,not_in_document,borderline,not_in_document,not_in_document,stated,stated,borderline,stated,not_in_document,borderline,not_in_document,not_in_document,not_in_document,not_in_document,borderline,not_in_document,stated,borderline,stated,not_in_document,stated,borderline,not_in_document,not_in_document,stated,not_in_document,not_in_document,not_in_document,not_in_document,not_in_document,not_in_document,not_in_document,not_in_document,not_in_document,not_in_document,not_in_document,stated,not_in_document,not_in_document,not_in_document,stated,not_in_document,not_in_document
"Bishop Grosseteste University",England,2,bishop-grosseteste-students-genai-202610,3568,,,"",none_found,none_found,none_found,none_found,none_found,none_found,none_found,none_found,optional,none_found,borderline,not_in_document,not_in_document,borderline,not_in_document,stated,not_in_document,not_in_document,not_in_document,not_in_document,not_in_document,not_in_document,not_in_document,not_in_document,not_in_document,not_in_document,not_in_document,not_in_document,not_in_document,not_in_document,not_in_document,not_in_document,not_in_document,not_in_document,not_in_document,not_in_document,not_in_document,not_in_document,not_in_document,not_in_document,not_in_document,not_in_document,not_in_document,not_in_document,not_in_document,not_in_document,not_in_document,not_in_document,not_in_document,not_in_document,stated,not_in_document,not_in_document,stated,stated,stated,stated,borderline,not_in_document,not_in_document,not_in_document,not_in_document,not_in_document,not_in_document,not_in_document,not_in_document,not_in_document,not_in_document,stated,not_in_document,not_in_document,not_in_document,not_in_document,not_in_document,not_in_document,not_in_document,not_in_document,not_in_document,stated,stated,not_in_document,not_in_document,not_in_document,not_in_document,not_in_document,stated,borderline
"BIMM University",England,2,bimm-students-genai-202610,4320,,,"",none_found,none_found,none_found,optional,none_found,none_found,none_found,none_found,none_found,none_found,not_in_document,not_in_document,not_in_document,stated,not_in_document,not_in_document,not_in_document,not_in_document,stated,not_in_document,not_in_document,stated,not_in_document,not_in_document,borderline,stated,not_in_document,not_in_document,not_in_document,borderline,not_in_document,stated,not_in_document,not_in_document,not_in_document,not_in_document,not_in_document,borderline,not_in_document,not_in_document,not_in_document,not_in_document,not_in_document,not_in_document,not_in_document,not_in_document,not_in_document,not_in_document,not_in_document,not_in_document,stated,stated,stated,stated,stated,stated,stated,not_in_document,not_in_document,not_in_document,not_in_document,not_in_document,stated,not_in_document,not_in_document,not_in_document,not_in_document,not_in_document,stated,not_in_document,stated,not_in_document,not_in_document,not_in_document,not_in_document,not_in_document,not_in_document,not_in_document,stated,stated,not_in_document,not_in_document,not_in_document,not_in_document,not_in_document,stated,not_in_document
"King's College London",England,2,kcl-students-genai-202610,2526,,,"",optional,none_found,none_found,unspecified,none_found,none_found,planned,none_found,none_found,none_found,not_in_document,stated,not_in_document,stated,stated,not_in_document,not_in_document,stated,stated,stated,borderline,stated,stated,stated,stated,stated,stated,stated,stated,stated,not_in_document,stated,stated,not_in_document,stated,not_in_document,not_in_document,not_in_document,not_in_document,stated,not_in_document,not_in_document,stated,not_in_document,stated,not_in_document,not_in_document,stated,stated,stated,borderline,not_in_document,stated,stated,not_in_document,stated,not_in_document,not_in_document,not_in_document,not_in_document,not_in_document,borderline,stated,not_in_document,not_in_document,stated,borderline,stated,not_in_document,not_in_document,stated,stated,stated,not_in_document,stated,not_in_document,stated,not_in_document,not_in_document,not_in_document,not_in_document,not_in_document,not_in_document,borderline,borderline,not_in_document,not_in_document
"Edge Hill University",England,2,,,,,"document found but not archived (bot wall, script page or robots); waiting for local fetch",no_document,no_document,no_document,no_document,no_document,no_document,no_document,no_document,no_document,no_document,no_document,no_document,no_document,no_document,no_document,no_document,no_document,no_document,no_document,no_document,no_document,no_document,no_document,no_document,no_document,no_document,no_document,no_document,no_document,no_document,no_document,no_document,no_document,no_document,no_document,no_document,no_document,no_document,no_document,no_document,no_document,no_document,no_document,no_document,no_document,no_document,no_document,no_document,no_document,no_document,no_document,no_document,no_document,no_document,no_document,no_document,no_document,no_document,no_document,no_document,no_document,no_document,no_document,no_document,no_document,no_document,no_document,no_document,no_document,no_document,no_document,no_document,no_document,no_document,no_document,no_document,no_document,no_document,no_document,no_document,no_document,no_document,no_document,no_document,no_document,no_document,no_document
"University of Lancashire",England,2,lancashire-students-genai-202610,7767,,,"",none_found,none_found,none_found,none_found,none_found,none_found,optional,none_found,advised,none_found,not_in_document,not_in_document,not_in_document,not_in_document,stated,stated,stated,not_in_document,not_in_document,not_in_document,borderline,not_in_document,not_in_document,not_in_document,borderline,stated,not_in_document,not_in_document,not_in_document,not_in_document,not_in_document,stated,stated,stated,not_in_document,stated,not_in_document,borderline,not_in_document,not_in_document,not_in_document,not_in_document,not_in_document,not_in_document,not_in_document,not_in_document,not_in_document,not_in_document,not_in_document,not_in_document,stated,stated,stated,stated,stated,stated,stated,stated,stated,not_in_document,not_in_document,borderline,stated,not_in_document,not_in_document,not_in_document,not_in_document,not_in_document,stated,stated,not_in_document,not_in_document,not_in_document,not_in_document,not_in_document,not_in_document,not_in_document,borderline,stated,stated,stated,stated,not_in_document,not_in_document,not_in_document,stated,not_in_document
"Leeds Arts University",England,2,,,,,"document found but not archived (bot wall, script page or robots); waiting for local fetch",no_document,no_document,no_document,no_document,no_document,no_document,no_document,no_document,no_document,no_document,no_document,no_document,no_document,no_document,no_document,no_document,no_document,no_document,no_document,no_document,no_document,no_document,no_document,no_document,no_document,no_document,no_document,no_document,no_document,no_document,no_document,no_document,no_document,no_document,no_document,no_document,no_document,no_document,no_document,no_document,no_document,no_document,no_document,no_document,no_document,no_document,no_document,no_document,no_document,no_document,no_document,no_document,no_document,no_document,no_document,no_document,no_document,no_document,no_document,no_document,no_document,no_document,no_document,no_document,no_document,no_document,no_document,no_document,no_document,no_document,no_document,no_document,no_document,no_document,no_document,no_document,no_document,no_document,no_document,no_document,no_document,no_document,no_document,no_document,no_document,no_document,no_document
"University of Kent",England,2,kent-students-genai-202610,725,,,"",optional,none_found,none_found,none_found,optional,none_found,none_found,none_found,none_found,none_found,not_in_document,not_in_document,borderline,stated,stated,stated,not_in_document,not_in_document,not_in_document,stated,not_in_document,stated,not_in_document,stated,stated,stated,not_in_document,not_in_document,not_in_document,not_in_document,not_in_document,borderline,stated,not_in_document,not_in_document,not_in_document,not_in_document,not_in_document,not_in_document,not_in_document,not_in_document,not_in_document,not_in_document,not_in_document,not_in_document,not_in_document,not_in_document,not_in_document,stated,not_in_document,stated,not_in_document,not_in_document,not_in_document,not_in_document,not_in_document,not_in_document,not_in_document,not_in_document,not_in_document,not_in_document,not_in_document,stated,not_in_document,not_in_document,not_in_document,not_in_document,not_in_document,not_in_document,not_in_document,not_in_document,not_in_document,not_in_document,not_in_document,not_in_document,not_in_document,not_in_document,not_in_document,not_in_document,not_in_document,not_in_document,not_in_document,not_in_document,not_in_document,not_in_document,not_in_document,not_in_document
"Falmouth University",England,2,,,,,"document found but not archived (bot wall, script page or robots); waiting for local fetch",no_document,no_document,no_document,no_document,no_document,no_document,no_document,no_document,no_document,no_document,no_document,no_document,no_document,no_document,no_document,no_document,no_document,no_document,no_document,no_document,no_document,no_document,no_document,no_document,no_document,no_document,no_document,no_document,no_document,no_document,no_document,no_document,no_document,no_document,no_document,no_document,no_document,no_document,no_document,no_document,no_document,no_document,no_document,no_document,no_document,no_document,no_document,no_document,no_document,no_document,no_document,no_document,no_document,no_document,no_document,no_document,no_document,no_document,no_document,no_document,no_document,no_document,no_document,no_document,no_document,no_document,no_document,no_document,no_document,no_document,no_document,no_document,no_document,no_document,no_document,no_document,no_document,no_document,no_document,no_document,no_document,no_document,no_document,no_document,no_document,no_document,no_document
"Ollscoil na Gaillimhe – University of Galway",Ireland,2,,,,,"document found but not archived (bot wall, script page or robots); waiting for local fetch",no_document,no_document,no_document,no_document,no_document,no_document,no_document,no_document,no_document,no_document,no_document,no_document,no_document,no_document,no_document,no_document,no_document,no_document,no_document,no_document,no_document,no_document,no_document,no_document,no_document,no_document,no_document,no_document,no_document,no_document,no_document,no_document,no_document,no_document,no_document,no_document,no_document,no_document,no_document,no_document,no_document,no_document,no_document,no_document,no_document,no_document,no_document,no_document,no_document,no_document,no_document,no_document,no_document,no_document,no_document,no_document,no_document,no_document,no_document,no_document,no_document,no_document,no_document,no_document,no_document,no_document,no_document,no_document,no_document,no_document,no_document,no_document,no_document,no_document,no_document,no_document,no_document,no_document,no_document,no_document,no_document,no_document,no_document,no_document,no_document,no_document,no_document
"Dún Laoghaire Institute of Art, Design and Technology",Ireland,2,d-n-laoghaire-institute-art-design-and-technology-students-genai-202610,5424,d-n-laoghaire-institute-art-design-and-technology-d2-guide-202610,guide,"",none_found,none_found,none_found,optional,unspecified,unspecified,none_found,none_found,optional,planned,borderline,not_in_document,not_in_document,stated,borderline,not_in_document,not_in_document,not_in_document,not_in_document,not_in_document,not_in_document,stated,not_in_document,stated,borderline,borderline,stated,not_in_document,not_in_document,stated,not_in_document,stated,stated,not_in_document,borderline,stated,not_in_document,stated,stated,not_in_document,not_in_document,not_in_document,not_in_document,not_in_document,not_in_document,stated,not_in_document,not_in_document,stated,borderline,stated,stated,not_in_document,stated,not_in_document,stated,stated,not_in_document,stated,not_in_document,stated,not_in_document,stated,not_in_document,not_in_document,stated,stated,not_in_document,stated,not_in_document,not_in_document,borderline,not_in_document,not_in_document,not_in_document,stated,not_in_document,not_in_document,stated,stated,borderline,borderline,not_in_document,stated,not_in_document,stated,not_in_document
"University of Greater Manchester",England,2,greater-manchester-students-genai-202610,523,,,"",optional,advised,none_found,optional,none_found,none_found,none_found,none_found,none_found,none_found,not_in_document,not_in_document,not_in_document,not_in_document,not_in_document,not_in_document,not_in_document,not_in_document,not_in_document,not_in_document,stated,not_in_document,not_in_document,not_in_document,not_in_document,not_in_document,not_in_document,not_in_document,not_in_document,not_in_document,not_in_document,not_in_document,not_in_document,not_in_document,not_in_document,not_in_document,not_in_document,not_in_document,not_in_document,not_in_document,not_in_document,not_in_document,not_in_document,not_in_document,not_in_document,not_in_document,not_in_document,not_in_document,not_in_document,not_in_document,not_in_document,not_in_document,not_in_document,not_in_document,not_in_document,not_in_document,not_in_document,not_in_document,not_in_document,not_in_document,not_in_document,borderline,stated,not_in_document,not_in_document,not_in_document,not_in_document,not_in_document,not_in_document,not_in_document,not_in_document,not_in_document,not_in_document,not_in_document,not_in_document,stated,not_in_document,not_in_document,not_in_document,not_in_document,not_in_document,not_in_document,not_in_document,not_in_document,borderline,not_in_document,not_in_document
"Liverpool John Moores University",England,2,,,,,"document found but not archived (bot wall, script page or robots); waiting for local fetch",no_document,no_document,no_document,no_document,no_document,no_document,no_document,no_document,no_document,no_document,no_document,no_document,no_document,no_document,no_document,no_document,no_document,no_document,no_document,no_document,no_document,no_document,no_document,no_document,no_document,no_document,no_document,no_document,no_document,no_document,no_document,no_document,no_document,no_document,no_document,no_document,no_document,no_document,no_document,no_document,no_document,no_document,no_document,no_document,no_document,no_document,no_document,no_document,no_document,no_document,no_document,no_document,no_document,no_document,no_document,no_document,no_document,no_document,no_document,no_document,no_document,no_document,no_document,no_document,no_document,no_document,no_document,no_document,no_document,no_document,no_document,no_document,no_document,no_document,no_document,no_document,no_document,no_document,no_document,no_document,no_document,no_document,no_document,no_document,no_document,no_document,no_document
"Norwich University of the Arts",England,2,norwich-arts-students-genai-202610,484,,,"",none_found,none_found,none_found,optional,none_found,none_found,none_found,none_found,none_found,planned,not_in_document,not_in_document,not_in_document,not_in_document,not_in_document,not_in_document,not_in_document,not_in_document,not_in_document,not_in_document,borderline,not_in_document,not_in_document,not_in_document,not_in_document,not_in_document,not_in_document,not_in_document,not_in_document,borderline,stated,not_in_document,not_in_document,not_in_document,not_in_document,not_in_document,not_in_document,not_in_document,not_in_document,not_in_document,not_in_document,not_in_document,not_in_document,not_in_document,not_in_document,not_in_document,not_in_document,not_in_document,not_in_document,not_in_document,not_in_document,not_in_document,not_in_document,not_in_document,not_in_document,not_in_document,not_in_document,not_in_document,not_in_document,not_in_document,not_in_document,not_in_document,stated,not_in_document,stated,stated,not_in_document,not_in_document,not_in_document,not_in_document,not_in_document,not_in_document,not_in_document,not_in_document,not_in_document,stated,not_in_document,not_in_document,not_in_document,not_in_document,not_in_document,not_in_document,not_in_document,not_in_document,borderline,not_in_document,not_in_document
"National College of Art and Design",Ireland,2,,,,,"document found but not archived (bot wall, script page or robots); waiting for local fetch",no_document,no_document,no_document,no_document,no_document,no_document,no_document,no_document,no_document,no_document,no_document,no_document,no_document,no_document,no_document,no_document,no_document,no_document,no_document,no_document,no_document,no_document,no_document,no_document,no_document,no_document,no_document,no_document,no_document,no_document,no_document,no_document,no_document,no_document,no_document,no_document,no_document,no_document,no_document,no_document,no_document,no_document,no_document,no_document,no_document,no_document,no_document,no_document,no_document,no_document,no_document,no_document,no_document,no_document,no_document,no_document,no_document,no_document,no_document,no_document,no_document,no_document,no_document,no_document,no_document,no_document,no_document,no_document,no_document,no_document,no_document,no_document,no_document,no_document,no_document,no_document,no_document,no_document,no_document,no_document,no_document,no_document,no_document,no_document,no_document,no_document,no_document
"Royal Holloway University of London",England,2,,,,,"document found but not archived (bot wall, script page or robots); waiting for local fetch",no_document,no_document,no_document,no_document,no_document,no_document,no_document,no_document,no_document,no_document,no_document,no_document,no_document,no_document,no_document,no_document,no_document,no_document,no_document,no_document,no_document,no_document,no_document,no_document,no_document,no_document,no_document,no_document,no_document,no_document,no_document,no_document,no_document,no_document,no_document,no_document,no_document,no_document,no_document,no_document,no_document,no_document,no_document,no_document,no_document,no_document,no_document,no_document,no_document,no_document,no_document,no_document,no_document,no_document,no_document,no_document,no_document,no_document,no_document,no_document,no_document,no_document,no_document,no_document,no_document,no_document,no_document,no_document,no_document,no_document,no_document,no_document,no_document,no_document,no_document,no_document,no_document,no_document,no_document,no_document,no_document,no_document,no_document,no_document,no_document,no_document,no_document
"University of Bristol",England,2,bristol-students-genai-202610,424,,,"",none_found,none_found,none_found,optional,none_found,none_found,none_found,none_found,none_found,none_found,not_in_document,borderline,stated,not_in_document,not_in_document,stated,stated,not_in_document,stated,borderline,not_in_document,not_in_document,not_in_document,stated,not_in_document,stated,not_in_document,stated,stated,not_in_document,not_in_document,not_in_document,not_in_document,not_in_document,not_in_document,not_in_document,not_in_document,not_in_document,not_in_document,not_in_document,stated,borderline,not_in_document,not_in_document,not_in_document,not_in_document,not_in_document,not_in_document,not_in_document,not_in_document,not_in_document,stated,not_in_document,not_in_document,not_in_document,not_in_document,not_in_document,not_in_document,not_in_document,not_in_document,not_in_document,not_in_document,stated,not_in_document,not_in_document,not_in_document,not_in_document,stated,not_in_document,not_in_document,not_in_document,not_in_document,not_in_document,not_in_document,not_in_document,not_in_document,borderline,not_in_document,not_in_document,not_in_document,not_in_document,not_in_document,not_in_document,not_in_document,not_in_document,not_in_document,stated
"University of Hull",England,2,hull-students-genai-202610,870,,,"",none_found,none_found,none_found,optional,none_found,optional,none_found,none_found,none_found,none_found,stated,stated,not_in_document,stated,stated,stated,not_in_document,not_in_document,stated,stated,not_in_document,not_in_document,not_in_document,not_in_document,stated,stated,not_in_document,not_in_document,stated,not_in_document,not_in_document,not_in_document,borderline,stated,not_in_document,not_in_document,stated,stated,not_in_document,stated,not_in_document,not_in_document,not_in_document,not_in_document,stated,not_in_document,not_in_document,not_in_document,stated,not_in_document,stated,stated,stated,not_in_document,not_in_document,not_in_document,not_in_document,not_in_document,not_in_document,not_in_document,not_in_document,not_in_document,stated,not_in_document,not_in_document,stated,not_in_document,not_in_document,not_in_document,not_in_document,not_in_document,stated,not_in_document,not_in_document,not_in_document,not_in_document,not_in_document,not_in_document,not_in_document,not_in_document,not_in_document,not_in_document,not_in_document,not_in_document,not_in_document,not_in_document,stated
"Newcastle University",England,2,newcastle-students-genai-202610,1666,,,"",optional,none_found,none_found,optional,unspecified,optional,none_found,none_found,none_found,none_found,not_in_document,not_in_document,not_in_document,not_in_document,stated,stated,not_in_document,not_in_document,not_in_document,borderline,not_in_document,stated,not_in_document,stated,stated,not_in_document,not_in_document,not_in_document,not_in_document,not_in_document,not_in_document,stated,stated,not_in_document,not_in_document,not_in_document,stated,stated,not_in_document,not_in_document,not_in_document,not_in_document,not_in_document,not_in_document,not_in_document,not_in_document,not_in_document,not_in_document,stated,not_in_document,stated,borderline,not_in_document,not_in_document,not_in_document,not_in_document,not_in_document,not_in_document,stated,not_in_document,not_in_document,borderline,stated,not_in_document,not_in_document,not_in_document,not_in_document,not_in_document,not_in_document,not_in_document,stated,not_in_document,not_in_document,not_in_document,not_in_document,not_in_document,not_in_document,not_in_document,stated,not_in_document,stated,not_in_document,not_in_document,not_in_document,not_in_document,not_in_document,not_in_document
"University of West London",England,2,west-london-students-genai-202610,2933,,,"",none_found,none_found,none_found,optional,optional,optional,advised,none_found,none_found,none_found,not_in_document,borderline,stated,borderline,stated,not_in_document,not_in_document,stated,stated,stated,not_in_document,stated,not_in_document,not_in_document,stated,not_in_document,borderline,stated,stated,not_in_document,not_in_document,stated,not_in_document,not_in_document,not_in_document,not_in_document,stated,stated,not_in_document,stated,not_in_document,not_in_document,stated,not_in_document,borderline,stated,not_in_document,stated,stated,not_in_document,stated,stated,stated,stated,not_in_document,not_in_document,not_in_document,not_in_document,not_in_document,not_in_document,not_in_document,not_in_document,stated,not_in_document,stated,stated,not_in_document,not_in_document,not_in_document,stated,not_in_document,not_in_document,not_in_document,borderline,not_in_document,not_in_document,stated,stated,stated,not_in_document,not_in_document,not_in_document,stated,not_in_document,not_in_document,not_in_document,not_in_document
"University of the West of England",England,2,west-england-students-genai-202610,1375,,,"",none_found,none_found,none_found,optional,optional,optional,none_found,none_found,none_found,none_found,not_in_document,stated,not_in_document,not_in_document,stated,not_in_document,not_in_document,not_in_document,not_in_document,stated,not_in_document,not_in_document,not_in_document,borderline,stated,stated,not_in_document,not_in_document,not_in_document,not_in_document,not_in_document,stated,not_in_document,not_in_document,not_in_document,not_in_document,stated,stated,not_in_document,stated,not_in_document,stated,stated,not_in_document,borderline,not_in_document,not_in_document,not_in_document,stated,not_in_document,stated,not_in_document,borderline,not_in_document,not_in_document,not_in_document,not_in_document,not_in_document,not_in_document,not_in_document,not_in_document,not_in_document,stated,not_in_document,not_in_document,not_in_document,not_in_document,not_in_document,not_in_document,not_in_document,not_in_document,not_in_document,not_in_document,not_in_document,not_in_document,not_in_document,not_in_document,not_in_document,not_in_document,not_in_document,not_in_document,not_in_document,not_in_document,not_in_document,not_in_document,not_in_document,not_in_document
"University of Staffordshire",England,2,,,,,"no document audited (found)",no_document,no_document,no_document,no_document,no_document,no_document,no_document,no_document,no_document,no_document,no_document,no_document,no_document,no_document,no_document,no_document,no_document,no_document,no_document,no_document,no_document,no_document,no_document,no_document,no_document,no_document,no_document,no_document,no_document,no_document,no_document,no_document,no_document,no_document,no_document,no_document,no_document,no_document,no_document,no_document,no_document,no_document,no_document,no_document,no_document,no_document,no_document,no_document,no_document,no_document,no_document,no_document,no_document,no_document,no_document,no_document,no_document,no_document,no_document,no_document,no_document,no_document,no_document,no_document,no_document,no_document,no_document,no_document,no_document,no_document,no_document,no_document,no_document,no_document,no_document,no_document,no_document,no_document,no_document,no_document,no_document,no_document,no_document,no_document,no_document,no_document,no_document
"University of Bath",England,2,bath-students-genai-202610,483,,,"",optional,unspecified,none_found,optional,optional,optional,optional,none_found,none_found,optional,not_in_document,not_in_document,not_in_document,not_in_document,not_in_document,not_in_document,not_in_document,not_in_document,not_in_document,stated,not_in_document,not_in_document,not_in_document,not_in_document,stated,stated,not_in_document,not_in_document,not_in_document,not_in_document,not_in_document,not_in_document,not_in_document,not_in_document,not_in_document,not_in_document,stated,not_in_document,not_in_document,not_in_document,not_in_document,not_in_document,not_in_document,not_in_document,not_in_document,not_in_document,not_in_document,borderline,not_in_document,not_in_document,not_in_document,not_in_document,not_in_document,not_in_document,not_in_document,not_in_document,not_in_document,not_in_document,not_in_document,not_in_document,not_in_document,borderline,stated,not_in_document,not_in_document,not_in_document,not_in_document,not_in_document,not_in_document,not_in_document,not_in_document,not_in_document,not_in_document,not_in_document,not_in_document,not_in_document,not_in_document,not_in_document,not_in_document,not_in_document,not_in_document,not_in_document,not_in_document,not_in_document,not_in_document,not_in_document,not_in_document
"Royal Agricultural University",England,2,royal-agricultural-students-genai-202610,10816,,,"",none_found,none_found,none_found,optional,none_found,none_found,none_found,none_found,none_found,optional,not_in_document,not_in_document,not_in_document,not_in_document,not_in_document,not_in_document,not_in_document,not_in_document,borderline,not_in_document,not_in_document,not_in_document,not_in_document,not_in_document,not_in_document,not_in_document,stated,not_in_document,not_in_document,not_in_document,not_in_document,not_in_document,stated,stated,not_in_document,not_in_document,not_in_document,stated,not_in_document,not_in_document,not_in_document,not_in_document,not_in_document,not_in_document,not_in_document,not_in_document,not_in_document,not_in_document,not_in_document,not_in_document,not_in_document,not_in_document,not_in_document,not_in_document,not_in_document,not_in_document,not_in_document,not_in_document,stated,not_in_document,not_in_document,not_in_document,stated,not_in_document,not_in_document,not_in_document,not_in_document,not_in_document,not_in_document,not_in_document,not_in_document,not_in_document,not_in_document,not_in_document,not_in_document,not_in_document,not_in_document,not_in_document,not_in_document,not_in_document,borderline,not_in_document,not_in_document,borderline,not_in_document,not_in_document,not_in_document
"Leeds Beckett University",England,2,leeds-beckett-students-genai-202610,1082,,,"",none_found,none_found,none_found,optional,planned,planned,none_found,none_found,none_found,none_found,not_in_document,not_in_document,not_in_document,borderline,not_in_document,not_in_document,not_in_document,not_in_document,stated,stated,not_in_document,stated,not_in_document,not_in_document,not_in_document,not_in_document,not_in_document,not_in_document,not_in_document,stated,not_in_document,borderline,stated,not_in_document,not_in_document,not_in_document,not_in_document,stated,stated,stated,not_in_document,stated,borderline,not_in_document,not_in_document,not_in_document,not_in_document,not_in_document,stated,stated,not_in_document,not_in_document,stated,stated,not_in_document,not_in_document,not_in_document,not_in_document,stated,not_in_document,not_in_document,not_in_document,stated,not_in_document,not_in_document,stated,not_in_document,not_in_document,not_in_document,not_in_document,not_in_document,stated,not_in_document,not_in_document,not_in_document,not_in_document,borderline,not_in_document,not_in_document,not_in_document,not_in_document,not_in_document,not_in_document,not_in_document,borderline,not_in_document,stated
"National College of Ireland",Ireland,2,national-ireland-students-genai-202610,1270,,,"",none_found,none_found,none_found,optional,none_found,optional,optional,none_found,none_found,none_found,not_in_document,borderline,not_in_document,not_in_document,not_in_document,not_in_document,not_in_document,not_in_document,not_in_document,stated,not_in_document,stated,not_in_document,stated,borderline,stated,not_in_document,not_in_document,not_in_document,not_in_document,not_in_document,not_in_document,stated,stated,stated,not_in_document,stated,borderline,not_in_document,borderline,not_in_document,not_in_document,not_in_document,not_in_document,stated,not_in_document,not_in_document,not_in_document,stated,stated,borderline,stated,stated,stated,not_in_document,not_in_document,not_in_document,not_in_document,stated,not_in_document,not_in_document,not_in_document,stated,not_in_document,not_in_document,not_in_document,not_in_document,not_in_document,not_in_document,not_in_document,not_in_document,not_in_document,not_in_document,not_in_document,not_in_document,not_in_document,not_in_document,not_in_document,stated,not_in_document,not_in_document,borderline,not_in_document,not_in_document,not_in_document,not_in_document,not_in_document
"University of Reading",England,2,,,,,"document found but not archived (bot wall, script page or robots); waiting for local fetch",no_document,no_document,no_document,no_document,no_document,no_document,no_document,no_document,no_document,no_document,no_document,no_document,no_document,no_document,no_document,no_document,no_document,no_document,no_document,no_document,no_document,no_document,no_document,no_document,no_document,no_document,no_document,no_document,no_document,no_document,no_document,no_document,no_document,no_document,no_document,no_document,no_document,no_document,no_document,no_document,no_document,no_document,no_document,no_document,no_document,no_document,no_document,no_document,no_document,no_document,no_document,no_document,no_document,no_document,no_document,no_document,no_document,no_document,no_document,no_document,no_document,no_document,no_document,no_document,no_document,no_document,no_document,no_document,no_document,no_document,no_document,no_document,no_document,no_document,no_document,no_document,no_document,no_document,no_document,no_document,no_document,no_document,no_document,no_document,no_document,no_document,no_document
"University of Oxford",England,2,,,,,"document found but not archived (bot wall, script page or robots); waiting for local fetch",no_document,no_document,no_document,no_document,no_document,no_document,no_document,no_document,no_document,no_document,no_document,no_document,no_document,no_document,no_document,no_document,no_document,no_document,no_document,no_document,no_document,no_document,no_document,no_document,no_document,no_document,no_document,no_document,no_document,no_document,no_document,no_document,no_document,no_document,no_document,no_document,no_document,no_document,no_document,no_document,no_document,no_document,no_document,no_document,no_document,no_document,no_document,no_document,no_document,no_document,no_document,no_document,no_document,no_document,no_document,no_document,no_document,no_document,no_document,no_document,no_document,no_document,no_document,no_document,no_document,no_document,no_document,no_document,no_document,no_document,no_document,no_document,no_document,no_document,no_document,no_document,no_document,no_document,no_document,no_document,no_document,no_document,no_document,no_document,no_document,no_document,no_document
"University of Cumbria",England,2,cumbria-students-genai-202610,2424,,,"",none_found,none_found,none_found,mandatory,none_found,optional,optional,none_found,none_found,none_found,not_in_document,not_in_document,not_in_document,not_in_document,not_in_document,not_in_document,stated,borderline,not_in_document,not_in_document,not_in_document,borderline,not_in_document,stated,not_in_document,stated,not_in_document,not_in_document,not_in_document,not_in_document,not_in_document,stated,not_in_document,not_in_document,not_in_document,stated,stated,borderline,stated,stated,not_in_document,borderline,not_in_document,not_in_document,stated,not_in_document,not_in_document,stated,stated,not_in_document,not_in_document,stated,stated,not_in_document,not_in_document,not_in_document,not_in_document,not_in_document,not_in_document,not_in_document,not_in_document,stated,stated,not_in_document,stated,stated,not_in_document,not_in_document,not_in_document,not_in_document,not_in_document,borderline,not_in_document,stated,not_in_document,not_in_document,stated,not_in_document,not_in_document,not_in_document,not_in_document,not_in_document,not_in_document,not_in_document,not_in_document,not_in_document,not_in_document
"University of Brighton",England,2,,,,,"document found but not archived (bot wall, script page or robots); waiting for local fetch",no_document,no_document,no_document,no_document,no_document,no_document,no_document,no_document,no_document,no_document,no_document,no_document,no_document,no_document,no_document,no_document,no_document,no_document,no_document,no_document,no_document,no_document,no_document,no_document,no_document,no_document,no_document,no_document,no_document,no_document,no_document,no_document,no_document,no_document,no_document,no_document,no_document,no_document,no_document,no_document,no_document,no_document,no_document,no_document,no_document,no_document,no_document,no_document,no_document,no_document,no_document,no_document,no_document,no_document,no_document,no_document,no_document,no_document,no_document,no_document,no_document,no_document,no_document,no_document,no_document,no_document,no_document,no_document,no_document,no_document,no_document,no_document,no_document,no_document,no_document,no_document,no_document,no_document,no_document,no_document,no_document,no_document,no_document,no_document,no_document,no_document,no_document
"University of Northampton",England,2,northampton-students-genai-202610,1447,,,"",advised,none_found,none_found,none_found,none_found,advised,none_found,none_found,none_found,optional,not_in_document,borderline,stated,stated,stated,not_in_document,not_in_document,not_in_document,stated,stated,not_in_document,stated,not_in_document,stated,stated,stated,stated,stated,stated,not_in_document,not_in_document,stated,stated,not_in_document,not_in_document,not_in_document,not_in_document,not_in_document,not_in_document,not_in_document,stated,not_in_document,stated,not_in_document,stated,not_in_document,not_in_document,borderline,stated,not_in_document,stated,borderline,stated,not_in_document,not_in_document,not_in_document,not_in_document,not_in_document,not_in_document,not_in_document,not_in_document,stated,stated,not_in_document,stated,stated,not_in_document,not_in_document,not_in_document,not_in_document,stated,not_in_document,not_in_document,not_in_document,not_in_document,not_in_document,not_in_document,not_in_document,not_in_document,not_in_document,not_in_document,not_in_document,not_in_document,not_in_document,borderline,not_in_document,not_in_document
"Northeastern University London",England,2,,,,,"document found but not archived (bot wall, script page or robots); waiting for local fetch",no_document,no_document,no_document,no_document,no_document,no_document,no_document,no_document,no_document,no_document,no_document,no_document,no_document,no_document,no_document,no_document,no_document,no_document,no_document,no_document,no_document,no_document,no_document,no_document,no_document,no_document,no_document,no_document,no_document,no_document,no_document,no_document,no_document,no_document,no_document,no_document,no_document,no_document,no_document,no_document,no_document,no_document,no_document,no_document,no_document,no_document,no_document,no_document,no_document,no_document,no_document,no_document,no_document,no_document,no_document,no_document,no_document,no_document,no_document,no_document,no_document,no_document,no_document,no_document,no_document,no_document,no_document,no_document,no_document,no_document,no_document,no_document,no_document,no_document,no_document,no_document,no_document,no_document,no_document,no_document,no_document,no_document,no_document,no_document,no_document,no_document,no_document
"Hartpury University",England,2,,,,,"no document audited (found)",no_document,no_document,no_document,no_document,no_document,no_document,no_document,no_document,no_document,no_document,no_document,no_document,no_document,no_document,no_document,no_document,no_document,no_document,no_document,no_document,no_document,no_document,no_document,no_document,no_document,no_document,no_document,no_document,no_document,no_document,no_document,no_document,no_document,no_document,no_document,no_document,no_document,no_document,no_document,no_document,no_document,no_document,no_document,no_document,no_document,no_document,no_document,no_document,no_document,no_document,no_document,no_document,no_document,no_document,no_document,no_document,no_document,no_document,no_document,no_document,no_document,no_document,no_document,no_document,no_document,no_document,no_document,no_document,no_document,no_document,no_document,no_document,no_document,no_document,no_document,no_document,no_document,no_document,no_document,no_document,no_document,no_document,no_document,no_document,no_document,no_document,no_document
"London School of Economics and Political Science",England,2,,,,,"document found but not archived (bot wall, script page or robots); waiting for local fetch",no_document,no_document,no_document,no_document,no_document,no_document,no_document,no_document,no_document,no_document,no_document,no_document,no_document,no_document,no_document,no_document,no_document,no_document,no_document,no_document,no_document,no_document,no_document,no_document,no_document,no_document,no_document,no_document,no_document,no_document,no_document,no_document,no_document,no_document,no_document,no_document,no_document,no_document,no_document,no_document,no_document,no_document,no_document,no_document,no_document,no_document,no_document,no_document,no_document,no_document,no_document,no_document,no_document,no_document,no_document,no_document,no_document,no_document,no_document,no_document,no_document,no_document,no_document,no_document,no_document,no_document,no_document,no_document,no_document,no_document,no_document,no_document,no_document,no_document,no_document,no_document,no_document,no_document,no_document,no_document,no_document,no_document,no_document,no_document,no_document,no_document,no_document
"University of East Anglia",England,2,east-anglia-students-genai-202610,5812,,,"",none_found,none_found,planned,optional,none_found,none_found,optional,none_found,none_found,planned,not_in_document,borderline,not_in_document,not_in_document,stated,not_in_document,not_in_document,not_in_document,stated,stated,not_in_document,stated,not_in_document,stated,borderline,not_in_document,stated,borderline,stated,stated,stated,not_in_document,stated,stated,not_in_document,not_in_document,stated,stated,stated,stated,stated,not_in_document,stated,stated,stated,not_in_document,not_in_document,not_in_document,stated,not_in_document,stated,not_in_document,not_in_document,not_in_document,not_in_document,borderline,not_in_document,not_in_document,stated,not_in_document,stated,borderline,stated,not_in_document,not_in_document,stated,borderline,not_in_document,not_in_document,not_in_document,not_in_document,stated,not_in_document,not_in_document,borderline,not_in_document,borderline,not_in_document,borderline,not_in_document,stated,not_in_document,not_in_document,stated,stated,not_in_document,stated
"University College Birmingham",England,2,ucb-students-genai-202610,1017,,,"",none_found,none_found,none_found,unspecified,none_found,none_found,none_found,none_found,none_found,planned,stated,not_in_document,not_in_document,not_in_document,stated,not_in_document,not_in_document,not_in_document,not_in_document,stated,not_in_document,stated,not_in_document,not_in_document,borderline,not_in_document,not_in_document,not_in_document,borderline,not_in_document,not_in_document,stated,stated,not_in_document,not_in_document,not_in_document,not_in_document,not_in_document,not_in_document,not_in_document,stated,not_in_document,not_in_document,not_in_document,not_in_document,stated,not_in_document,not_in_document,stated,stated,borderline,stated,not_in_document,stated,not_in_document,not_in_document,borderline,not_in_document,not_in_document,not_in_document,not_in_document,not_in_document,borderline,stated,stated,stated,stated,not_in_document,not_in_document,not_in_document,not_in_document,not_in_document,not_in_document,not_in_document,not_in_document,not_in_document,not_in_document,not_in_document,not_in_document,not_in_document,not_in_document,not_in_document,stated,stated,stated,not_in_document,not_in_document
"University of Aberdeen",Scotland,2,aberdeen-students-genai-202610,1671,aberdeen-d2-misconduct-procedure-202610,misconduct_procedure,"",none_found,none_found,none_found,optional,none_found,optional,optional,none_found,optional,none_found,borderline,not_in_document,not_in_document,not_in_document,stated,not_in_document,not_in_document,not_in_document,stated,stated,not_in_document,stated,not_in_document,borderline,stated,stated,not_in_document,not_in_document,not_in_document,not_in_document,not_in_document,stated,stated,not_in_document,not_in_document,stated,stated,stated,not_in_document,stated,borderline,stated,borderline,not_in_document,not_in_document,not_in_document,not_in_document,not_in_document,stated,borderline,stated,borderline,stated,borderline,borderline,stated,general_procedure,not_in_document,borderline,not_in_document,not_in_document,not_in_document,stated,not_in_document,stated,stated,not_in_document,not_in_document,not_in_document,not_in_document,not_in_document,stated,not_in_document,not_in_document,not_in_document,borderline,borderline,not_in_document,stated,general_procedure,not_in_document,not_in_document,not_in_document,not_in_document,not_in_document,general_procedure,borderline
"The Open University",England,2,,,,,"document found but not archived (bot wall, script page or robots); waiting for local fetch",no_document,no_document,no_document,no_document,no_document,no_document,no_document,no_document,no_document,no_document,no_document,no_document,no_document,no_document,no_document,no_document,no_document,no_document,no_document,no_document,no_document,no_document,no_document,no_document,no_document,no_document,no_document,no_document,no_document,no_document,no_document,no_document,no_document,no_document,no_document,no_document,no_document,no_document,no_document,no_document,no_document,no_document,no_document,no_document,no_document,no_document,no_document,no_document,no_document,no_document,no_document,no_document,no_document,no_document,no_document,no_document,no_document,no_document,no_document,no_document,no_document,no_document,no_document,no_document,no_document,no_document,no_document,no_document,no_document,no_document,no_document,no_document,no_document,no_document,no_document,no_document,no_document,no_document,no_document,no_document,no_document,no_document,no_document,no_document,no_document,no_document,no_document
"Glasgow Caledonian University",Scotland,2,,,,,"document found but not archived (bot wall, script page or robots); waiting for local fetch",no_document,no_document,no_document,no_document,no_document,no_document,no_document,no_document,no_document,no_document,no_document,no_document,no_document,no_document,no_document,no_document,no_document,no_document,no_document,no_document,no_document,no_document,no_document,no_document,no_document,no_document,no_document,no_document,no_document,no_document,no_document,no_document,no_document,no_document,no_document,no_document,no_document,no_document,no_document,no_document,no_document,no_document,no_document,no_document,no_document,no_document,no_document,no_document,no_document,no_document,no_document,no_document,no_document,no_document,no_document,no_document,no_document,no_document,no_document,no_document,no_document,no_document,no_document,no_document,no_document,no_document,no_document,no_document,no_document,no_document,no_document,no_document,no_document,no_document,no_document,no_document,no_document,no_document,no_document,no_document,no_document,no_document,no_document,no_document,no_document,no_document,no_document
"Loughborough University",England,2,loughborough-students-genai-202610,469,,,"",unspecified,advised,none_found,none_found,none_found,none_found,optional,none_found,none_found,none_found,not_in_document,not_in_document,not_in_document,not_in_document,not_in_document,not_in_document,not_in_document,not_in_document,not_in_document,not_in_document,not_in_document,not_in_document,not_in_document,not_in_document,stated,stated,not_in_document,not_in_document,not_in_document,not_in_document,not_in_document,not_in_document,not_in_document,stated,stated,not_in_document,not_in_document,stated,not_in_document,stated,not_in_document,not_in_document,not_in_document,not_in_document,borderline,not_in_document,not_in_document,borderline,borderline,not_in_document,not_in_document,not_in_document,not_in_document,not_in_document,not_in_document,not_in_document,not_in_document,not_in_document,not_in_document,not_in_document,not_in_document,stated,stated,not_in_document,not_in_document,borderline,not_in_document,not_in_document,not_in_document,not_in_document,not_in_document,not_in_document,not_in_document,not_in_document,not_in_document,not_in_document,not_in_document,not_in_document,not_in_document,not_in_document,not_in_document,not_in_document,not_in_document,not_in_document,not_in_document,not_in_document,not_in_document
"University of Roehampton",England,2,roehampton-students-genai-202610,1189,,,"",none_found,none_found,none_found,unspecified,unspecified,none_found,none_found,none_found,none_found,none_found,stated,not_in_document,stated,not_in_document,stated,not_in_document,not_in_document,not_in_document,stated,stated,not_in_document,stated,not_in_document,stated,stated,stated,not_in_document,stated,stated,not_in_document,not_in_document,not_in_document,not_in_document,not_in_document,not_in_document,not_in_document,not_in_document,stated,not_in_document,not_in_document,stated,not_in_document,not_in_document,not_in_document,borderline,not_in_document,not_in_document,not_in_document,stated,not_in_document,not_in_document,not_in_document,not_in_document,not_in_document,not_in_document,not_in_document,not_in_document,not_in_document,not_in_document,not_in_document,not_in_document,not_in_document,not_in_document,not_in_document,not_in_document,stated,not_in_document,not_in_document,not_in_document,stated,not_in_document,not_in_document,not_in_document,not_in_document,not_in_document,not_in_document,borderline,not_in_document,not_in_document,not_in_document,not_in_document,not_in_document,not_in_document,not_in_document,not_in_document,not_in_document,not_in_document
"The University of Law",England,2,law-students-genai-202610,788,,,"",mandatory,none_found,none_found,unspecified,unspecified,none_found,none_found,none_found,none_found,mandatory,not_in_document,not_in_document,not_in_document,not_in_document,not_in_document,not_in_document,not_in_document,not_in_document,not_in_document,not_in_document,not_in_document,not_in_document,not_in_document,not_in_document,not_in_document,not_in_document,not_in_document,not_in_document,not_in_document,not_in_document,not_in_document,not_in_document,not_in_document,not_in_document,not_in_document,not_in_document,not_in_document,not_in_document,not_in_document,not_in_document,not_in_document,not_in_document,not_in_document,not_in_document,not_in_document,not_in_document,not_in_document,stated,borderline,not_in_document,not_in_document,not_in_document,not_in_document,not_in_document,not_in_document,not_in_document,not_in_document,not_in_document,not_in_document,not_in_document,not_in_document,stated,not_in_document,borderline,borderline,not_in_document,stated,not_in_document,not_in_document,not_in_document,not_in_document,not_in_document,not_in_document,not_in_document,not_in_document,stated,not_in_document,not_in_document,not_in_document,not_in_document,not_in_document,not_in_document,not_in_document,stated,stated,not_in_document,not_in_document
"University of Salford",England,2,salford-students-genai-202610,796,,,"",advised,none_found,none_found,optional,optional,none_found,none_found,none_found,none_found,none_found,not_in_document,stated,not_in_document,not_in_document,stated,not_in_document,not_in_document,stated,not_in_document,borderline,not_in_document,not_in_document,not_in_document,borderline,stated,stated,not_in_document,not_in_document,not_in_document,not_in_document,not_in_document,not_in_document,not_in_document,not_in_document,not_in_document,not_in_document,not_in_document,not_in_document,not_in_document,not_in_document,stated,not_in_document,not_in_document,not_in_document,not_in_document,not_in_document,stated,stated,stated,stated,not_in_document,stated,not_in_document,not_in_document,not_in_document,not_in_document,not_in_document,not_in_document,not_in_document,not_in_document,not_in_document,stated,stated,not_in_document,stated,borderline,not_in_document,not_in_document,not_in_document,stated,not_in_document,not_in_document,not_in_document,not_in_document,not_in_document,not_in_document,borderline,stated,not_in_document,not_in_document,not_in_document,not_in_document,not_in_document,not_in_document,not_in_document,not_in_document,not_in_document
"Coventry University",England,2,coventry-students-genai-202610,888,,,"",none_found,none_found,none_found,unspecified,optional,none_found,none_found,none_found,none_found,optional,not_in_document,not_in_document,not_in_document,not_in_document,stated,not_in_document,stated,not_in_document,stated,stated,not_in_document,not_in_document,not_in_document,stated,stated,not_in_document,not_in_document,not_in_document,not_in_document,not_in_document,not_in_document,stated,borderline,not_in_document,stated,stated,not_in_document,not_in_document,not_in_document,not_in_document,not_in_document,not_in_document,stated,not_in_document,not_in_document,not_in_document,not_in_document,not_in_document,stated,not_in_document,not_in_document,borderline,not_in_document,not_in_document,not_in_document,not_in_document,not_in_document,not_in_document,not_in_document,not_in_document,not_in_document,not_in_document,stated,not_in_document,not_in_document,not_in_document,not_in_document,not_in_document,not_in_document,not_in_document,not_in_document,not_in_document,not_in_document,not_in_document,not_in_document,not_in_document,not_in_document,not_in_document,not_in_document,not_in_document,not_in_document,not_in_document,stated,not_in_document,not_in_document,not_in_document,stated
"SOAS University of London",England,2,soas-london-students-genai-202610,1680,,,"",none_found,none_found,optional,none_found,none_found,optional,optional,optional,none_found,none_found,not_in_document,not_in_document,not_in_document,not_in_document,stated,stated,stated,stated,stated,stated,not_in_document,stated,not_in_document,not_in_document,stated,borderline,not_in_document,not_in_document,not_in_document,not_in_document,not_in_document,not_in_document,not_in_document,not_in_document,not_in_document,not_in_document,not_in_document,not_in_document,not_in_document,not_in_document,not_in_document,not_in_document,not_in_document,borderline,not_in_document,stated,not_in_document,stated,stated,not_in_document,stated,not_in_document,not_in_document,stated,not_in_document,not_in_document,not_in_document,not_in_document,stated,not_in_document,not_in_document,not_in_document,stated,not_in_document,not_in_document,stated,not_in_document,not_in_document,not_in_document,not_in_document,not_in_document,not_in_document,not_in_document,not_in_document,not_in_document,not_in_document,borderline,not_in_document,not_in_document,not_in_document,not_in_document,not_in_document,not_in_document,not_in_document,not_in_document,not_in_document,not_in_document
"Royal Veterinary College",England,2,,,,,"document found but not archived (bot wall, script page or robots); waiting for local fetch",no_document,no_document,no_document,no_document,no_document,no_document,no_document,no_document,no_document,no_document,no_document,no_document,no_document,no_document,no_document,no_document,no_document,no_document,no_document,no_document,no_document,no_document,no_document,no_document,no_document,no_document,no_document,no_document,no_document,no_document,no_document,no_document,no_document,no_document,no_document,no_document,no_document,no_document,no_document,no_document,no_document,no_document,no_document,no_document,no_document,no_document,no_document,no_document,no_document,no_document,no_document,no_document,no_document,no_document,no_document,no_document,no_document,no_document,no_document,no_document,no_document,no_document,no_document,no_document,no_document,no_document,no_document,no_document,no_document,no_document,no_document,no_document,no_document,no_document,no_document,no_document,no_document,no_document,no_document,no_document,no_document,no_document,no_document,no_document,no_document,no_document,no_document
"Plymouth Marjon University",England,2,,,,,"no document audited (found)",no_document,no_document,no_document,no_document,no_document,no_document,no_document,no_document,no_document,no_document,no_document,no_document,no_document,no_document,no_document,no_document,no_document,no_document,no_document,no_document,no_document,no_document,no_document,no_document,no_document,no_document,no_document,no_document,no_document,no_document,no_document,no_document,no_document,no_document,no_document,no_document,no_document,no_document,no_document,no_document,no_document,no_document,no_document,no_document,no_document,no_document,no_document,no_document,no_document,no_document,no_document,no_document,no_document,no_document,no_document,no_document,no_document,no_document,no_document,no_document,no_document,no_document,no_document,no_document,no_document,no_document,no_document,no_document,no_document,no_document,no_document,no_document,no_document,no_document,no_document,no_document,no_document,no_document,no_document,no_document,no_document,no_document,no_document,no_document,no_document,no_document,no_document
"De Montfort University",England,2,de-montfort-students-genai-202610,430,,,"",none_found,none_found,none_found,optional,none_found,none_found,none_found,none_found,none_found,none_found,not_in_document,not_in_document,not_in_document,not_in_document,not_in_document,not_in_document,not_in_document,not_in_document,not_in_document,borderline,not_in_document,stated,not_in_document,not_in_document,not_in_document,not_in_document,not_in_document,not_in_document,not_in_document,not_in_document,not_in_document,borderline,not_in_document,not_in_document,not_in_document,not_in_document,stated,not_in_document,not_in_document,not_in_document,not_in_document,not_in_document,not_in_document,not_in_document,not_in_document,not_in_document,not_in_document,not_in_document,stated,not_in_document,stated,not_in_document,not_in_document,not_in_document,not_in_document,not_in_document,not_in_document,not_in_document,not_in_document,not_in_document,not_in_document,not_in_document,stated,not_in_document,not_in_document,not_in_document,not_in_document,not_in_document,not_in_document,not_in_document,not_in_document,not_in_document,not_in_document,not_in_document,not_in_document,not_in_document,not_in_document,not_in_document,not_in_document,not_in_document,not_in_document,not_in_document,not_in_document,not_in_document,not_in_document,not_in_document,not_in_document
"City St George's, University of London",England,2,,,,,"document found but not archived (bot wall, script page or robots); waiting for local fetch",no_document,no_document,no_document,no_document,no_document,no_document,no_document,no_document,no_document,no_document,no_document,no_document,no_document,no_document,no_document,no_document,no_document,no_document,no_document,no_document,no_document,no_document,no_document,no_document,no_document,no_document,no_document,no_document,no_document,no_document,no_document,no_document,no_document,no_document,no_document,no_document,no_document,no_document,no_document,no_document,no_document,no_document,no_document,no_document,no_document,no_document,no_document,no_document,no_document,no_document,no_document,no_document,no_document,no_document,no_document,no_document,no_document,no_document,no_document,no_document,no_document,no_document,no_document,no_document,no_document,no_document,no_document,no_document,no_document,no_document,no_document,no_document,no_document,no_document,no_document,no_document,no_document,no_document,no_document,no_document,no_document,no_document,no_document,no_document,no_document,no_document,no_document
"BPP University",England,2,bpp-students-genai-202610,3198,,,"",unspecified,none_found,none_found,none_found,optional,none_found,optional,optional,none_found,none_found,stated,stated,stated,borderline,stated,stated,borderline,stated,stated,stated,not_in_document,borderline,not_in_document,not_in_document,stated,stated,stated,borderline,not_in_document,not_in_document,not_in_document,not_in_document,stated,not_in_document,not_in_document,not_in_document,not_in_document,not_in_document,not_in_document,stated,not_in_document,borderline,not_in_document,not_in_document,not_in_document,stated,not_in_document,stated,stated,not_in_document,stated,stated,stated,stated,not_in_document,not_in_document,not_in_document,not_in_document,borderline,not_in_document,not_in_document,not_in_document,stated,not_in_document,not_in_document,not_in_document,not_in_document,not_in_document,not_in_document,not_in_document,not_in_document,not_in_document,not_in_document,not_in_document,not_in_document,not_in_document,stated,not_in_document,not_in_document,not_in_document,not_in_document,stated,stated,borderline,not_in_document,not_in_document,not_in_document
"University of Huddersfield",England,2,huddersfield-students-genai-202610,789,,,"",advised,none_found,none_found,optional,none_found,optional,none_found,none_found,none_found,none_found,stated,not_in_document,not_in_document,stated,stated,stated,not_in_document,stated,not_in_document,stated,stated,not_in_document,not_in_document,not_in_document,not_in_document,stated,stated,not_in_document,not_in_document,not_in_document,not_in_document,stated,not_in_document,not_in_document,not_in_document,not_in_document,stated,borderline,stated,not_in_document,not_in_document,not_in_document,not_in_document,not_in_document,not_in_document,not_in_document,not_in_document,not_in_document,stated,not_in_document,not_in_document,borderline,not_in_document,not_in_document,not_in_document,not_in_document,not_in_document,not_in_document,not_in_document,not_in_document,not_in_document,stated,stated,not_in_document,not_in_document,not_in_document,not_in_document,not_in_document,not_in_document,not_in_document,not_in_document,not_in_document,not_in_document,not_in_document,not_in_document,not_in_document,not_in_document,not_in_document,not_in_document,not_in_document,not_in_document,not_in_document,not_in_document,not_in_document,not_in_document,not_in_document,not_in_document
"Brunel University of London",England,2,brunel-london-students-genai-202610,2878,,,"",none_found,none_found,optional,optional,none_found,optional,advised,none_found,none_found,optional,stated,not_in_document,not_in_document,stated,stated,not_in_document,not_in_document,stated,not_in_document,not_in_document,not_in_document,stated,not_in_document,borderline,stated,stated,not_in_document,not_in_document,not_in_document,not_in_document,not_in_document,not_in_document,not_in_document,stated,not_in_document,not_in_document,stated,stated,stated,stated,not_in_document,not_in_document,not_in_document,not_in_document,stated,not_in_document,not_in_document,not_in_document,stated,not_in_document,stated,not_in_document,not_in_document,stated,not_in_document,not_in_document,not_in_document,not_in_document,borderline,not_in_document,not_in_document,not_in_document,stated,not_in_document,stated,stated,not_in_document,not_in_document,not_in_document,not_in_document,not_in_document,stated,not_in_document,not_in_document,not_in_document,not_in_document,borderline,not_in_document,not_in_document,not_in_document,not_in_document,not_in_document,not_in_document,not_in_document,not_in_document,not_in_document,not_in_document
"University of Worcester",England,2,worcester-students-genai-202610,1827,,,"",none_found,none_found,none_found,planned,none_found,optional,none_found,none_found,none_found,planned,not_in_document,stated,not_in_document,not_in_document,not_in_document,not_in_document,not_in_document,not_in_document,not_in_document,stated,not_in_document,borderline,not_in_document,borderline,not_in_document,not_in_document,stated,not_in_document,not_in_document,stated,not_in_document,borderline,not_in_document,not_in_document,stated,stated,stated,not_in_document,not_in_document,not_in_document,not_in_document,not_in_document,not_in_document,not_in_document,not_in_document,not_in_document,not_in_document,stated,borderline,not_in_document,not_in_document,not_in_document,not_in_document,not_in_document,not_in_document,not_in_document,not_in_document,not_in_document,not_in_document,stated,borderline,not_in_document,stated,stated,borderline,borderline,stated,not_in_document,not_in_document,not_in_document,not_in_document,not_in_document,not_in_document,not_in_document,not_in_document,not_in_document,not_in_document,not_in_document,not_in_document,not_in_document,not_in_document,not_in_document,not_in_document,borderline,stated,not_in_document,not_in_document
"Imperial College London",England,2,imperial-students-genai-202610,517,,,"",optional,none_found,none_found,optional,none_found,optional,optional,none_found,none_found,optional,not_in_document,not_in_document,not_in_document,not_in_document,not_in_document,not_in_document,not_in_document,not_in_document,not_in_document,not_in_document,not_in_document,not_in_document,not_in_document,stated,borderline,stated,not_in_document,not_in_document,not_in_document,not_in_document,not_in_document,not_in_document,not_in_document,not_in_document,not_in_document,not_in_document,not_in_document,not_in_document,not_in_document,not_in_document,not_in_document,not_in_document,not_in_document,not_in_document,not_in_document,not_in_document,stated,stated,not_in_document,not_in_document,not_in_document,not_in_document,not_in_document,not_in_document,not_in_document,not_in_document,not_in_document,not_in_document,not_in_document,not_in_document,not_in_document,stated,stated,not_in_document,not_in_document,not_in_document,not_in_document,not_in_document,not_in_document,not_in_document,not_in_document,not_in_document,not_in_document,not_in_document,not_in_document,not_in_document,not_in_document,not_in_document,not_in_document,not_in_document,not_in_document,not_in_document,not_in_document,stated,not_in_document,not_in_document,not_in_document
"York St John University",England,2,york-st-john-students-genai-202610,1805,,,"",unspecified,none_found,none_found,optional,none_found,advised,unspecified,none_found,none_found,optional,not_in_document,stated,not_in_document,not_in_document,borderline,borderline,stated,stated,stated,stated,stated,stated,not_in_document,not_in_document,stated,stated,not_in_document,not_in_document,not_in_document,not_in_document,not_in_document,stated,stated,stated,stated,not_in_document,stated,stated,not_in_document,stated,not_in_document,not_in_document,stated,stated,not_in_document,stated,not_in_document,not_in_document,stated,stated,stated,not_in_document,stated,stated,not_in_document,borderline,not_in_document,stated,not_in_document,not_in_document,not_in_document,stated,stated,not_in_document,stated,stated,stated,not_in_document,stated,not_in_document,not_in_document,not_in_document,not_in_document,stated,not_in_document,not_in_document,borderline,not_in_document,not_in_document,not_in_document,not_in_document,borderline,not_in_document,not_in_document,not_in_document,not_in_document,borderline
"Arts University Plymouth",England,2,arts-plymouth-students-genai-202610,1198,,,"",none_found,none_found,planned,optional,none_found,optional,none_found,none_found,none_found,planned,not_in_document,stated,not_in_document,stated,stated,not_in_document,not_in_document,not_in_document,not_in_document,stated,not_in_document,not_in_document,not_in_document,not_in_document,not_in_document,stated,not_in_document,not_in_document,not_in_document,borderline,not_in_document,borderline,not_in_document,not_in_document,not_in_document,not_in_document,stated,not_in_document,not_in_document,not_in_document,not_in_document,not_in_document,not_in_document,not_in_document,not_in_document,not_in_document,not_in_document,not_in_document,not_in_document,not_in_document,not_in_document,not_in_document,stated,not_in_document,not_in_document,not_in_document,not_in_document,not_in_document,not_in_document,not_in_document,not_in_document,not_in_document,stated,not_in_document,not_in_document,not_in_document,stated,not_in_document,not_in_document,not_in_document,not_in_document,not_in_document,not_in_document,not_in_document,not_in_document,stated,not_in_document,not_in_document,not_in_document,not_in_document,not_in_document,not_in_document,not_in_document,borderline,borderline,not_in_document,not_in_document
"University of Sheffield",England,2,sheffield-students-genai-202610,1430,,,"",none_found,none_found,none_found,unspecified,none_found,none_found,optional,none_found,none_found,planned,not_in_document,not_in_document,not_in_document,not_in_document,not_in_document,not_in_document,not_in_document,not_in_document,not_in_document,not_in_document,stated,stated,not_in_document,borderline,not_in_document,not_in_document,stated,not_in_document,not_in_document,not_in_document,not_in_document,not_in_document,stated,not_in_document,not_in_document,not_in_document,not_in_document,not_in_document,not_in_document,not_in_document,not_in_document,not_in_document,not_in_document,borderline,stated,borderline,stated,stated,stated,not_in_document,not_in_document,not_in_document,not_in_document,not_in_document,not_in_document,not_in_document,not_in_document,not_in_document,not_in_document,not_in_document,not_in_document,not_in_document,stated,not_in_document,stated,stated,stated,not_in_document,not_in_document,not_in_document,not_in_document,stated,not_in_document,not_in_document,not_in_document,stated,not_in_document,not_in_document,not_in_document,not_in_document,not_in_document,not_in_document,not_in_document,stated,stated,not_in_document,borderline
"Keele University",England,2,keele-students-genai-202610,2293,,,"",planned,none_found,planned,unspecified,advised,none_found,none_found,none_found,none_found,planned,not_in_document,not_in_document,not_in_document,not_in_document,not_in_document,not_in_document,not_in_document,not_in_document,not_in_document,not_in_document,borderline,stated,not_in_document,not_in_document,not_in_document,not_in_document,stated,not_in_document,not_in_document,stated,not_in_document,stated,not_in_document,not_in_document,not_in_document,not_in_document,not_in_document,stated,not_in_document,not_in_document,not_in_document,not_in_document,not_in_document,not_in_document,not_in_document,stated,borderline,stated,stated,not_in_document,not_in_document,not_in_document,not_in_document,not_in_document,not_in_document,not_in_document,not_in_document,not_in_document,not_in_document,not_in_document,not_in_document,not_in_document,stated,not_in_document,borderline,stated,stated,borderline,not_in_document,not_in_document,not_in_document,borderline,stated,not_in_document,not_in_document,stated,not_in_document,not_in_document,not_in_document,not_in_document,not_in_document,not_in_document,not_in_document,stated,borderline,not_in_document,not_in_document
"Royal College of Surgeons in Ireland",Ireland,2,royal-surgeons-in-ireland-students-genai-202610,4885,royal-surgeons-in-ireland-d2-misconduct-procedure-202610,misconduct_procedure,"",none_found,none_found,unspecified,optional,none_found,optional,optional,none_found,none_found,advised,not_in_document,not_in_document,not_in_document,not_in_document,stated,stated,not_in_document,not_in_document,stated,stated,stated,stated,not_in_document,stated,not_in_document,borderline,stated,borderline,stated,stated,borderline,stated,stated,stated,not_in_document,not_in_document,stated,stated,not_in_document,stated,stated,not_in_document,stated,borderline,borderline,stated,stated,not_in_document,stated,general_procedure,stated,stated,stated,borderline,general_procedure,stated,general_procedure,borderline,stated,not_in_document,stated,borderline,stated,stated,stated,stated,stated,not_in_document,stated,not_in_document,not_in_document,stated,not_in_document,not_in_document,not_in_document,not_in_document,not_in_document,not_in_document,stated,general_procedure,not_in_document,borderline,stated,stated,borderline,general_procedure,not_in_document
"University College of Osteopathy",England,2,,,,,"no document found",no_document,no_document,no_document,no_document,no_document,no_document,no_document,no_document,no_document,no_document,no_document,no_document,no_document,no_document,no_document,no_document,no_document,no_document,no_document,no_document,no_document,no_document,no_document,no_document,no_document,no_document,no_document,no_document,no_document,no_document,no_document,no_document,no_document,no_document,no_document,no_document,no_document,no_document,no_document,no_document,no_document,no_document,no_document,no_document,no_document,no_document,no_document,no_document,no_document,no_document,no_document,no_document,no_document,no_document,no_document,no_document,no_document,no_document,no_document,no_document,no_document,no_document,no_document,no_document,no_document,no_document,no_document,no_document,no_document,no_document,no_document,no_document,no_document,no_document,no_document,no_document,no_document,no_document,no_document,no_document,no_document,no_document,no_document,no_document,no_document,no_document,no_document
"University of Gloucestershire",England,2,gloucestershire-students-genai-202610,1908,,,"",optional,none_found,none_found,advised,none_found,optional,none_found,none_found,none_found,none_found,not_in_document,not_in_document,not_in_document,not_in_document,stated,not_in_document,not_in_document,not_in_document,not_in_document,stated,not_in_document,borderline,not_in_document,stated,stated,not_in_document,not_in_document,not_in_document,not_in_document,not_in_document,not_in_document,not_in_document,not_in_document,not_in_document,not_in_document,not_in_document,stated,stated,not_in_document,stated,not_in_document,not_in_document,not_in_document,not_in_document,borderline,not_in_document,not_in_document,not_in_document,stated,stated,not_in_document,not_in_document,not_in_document,not_in_document,not_in_document,not_in_document,not_in_document,not_in_document,not_in_document,not_in_document,stated,not_in_document,stated,not_in_document,stated,stated,not_in_document,not_in_document,not_in_document,not_in_document,not_in_document,stated,not_in_document,not_in_document,stated,not_in_document,not_in_document,not_in_document,not_in_document,not_in_document,not_in_document,not_in_document,not_in_document,not_in_document,not_in_document,not_in_document,not_in_document
"Harper Adams University",England,2,harper-adams-students-genai-202610,6232,,,"",mandatory,mandatory,none_found,none_found,none_found,none_found,none_found,none_found,optional,none_found,not_in_document,stated,not_in_document,not_in_document,stated,not_in_document,borderline,borderline,stated,stated,not_in_document,stated,not_in_document,not_in_document,not_in_document,not_in_document,not_in_document,not_in_document,not_in_document,not_in_document,not_in_document,not_in_document,stated,stated,stated,stated,not_in_document,not_in_document,not_in_document,not_in_document,borderline,stated,stated,stated,not_in_document,borderline,not_in_document,not_in_document,stated,not_in_document,stated,stated,stated,stated,borderline,stated,stated,borderline,stated,not_in_document,not_in_document,not_in_document,not_in_document,not_in_document,not_in_document,not_in_document,not_in_document,not_in_document,stated,not_in_document,not_in_document,not_in_document,not_in_document,stated,not_in_document,not_in_document,borderline,not_in_document,stated,stated,stated,borderline,not_in_document,not_in_document,not_in_document,stated,not_in_document
"University of Leeds",England,2,,,,,"document found but not archived (bot wall, script page or robots); waiting for local fetch",no_document,no_document,no_document,no_document,no_document,no_document,no_document,no_document,no_document,no_document,no_document,no_document,no_document,no_document,no_document,no_document,no_document,no_document,no_document,no_document,no_document,no_document,no_document,no_document,no_document,no_document,no_document,no_document,no_document,no_document,no_document,no_document,no_document,no_document,no_document,no_document,no_document,no_document,no_document,no_document,no_document,no_document,no_document,no_document,no_document,no_document,no_document,no_document,no_document,no_document,no_document,no_document,no_document,no_document,no_document,no_document,no_document,no_document,no_document,no_document,no_document,no_document,no_document,no_document,no_document,no_document,no_document,no_document,no_document,no_document,no_document,no_document,no_document,no_document,no_document,no_document,no_document,no_document,no_document,no_document,no_document,no_document,no_document,no_document,no_document,no_document,no_document
"London School of Hygiene & Tropical Medicine",England,2,,,,,"document found but not archived (bot wall, script page or robots); waiting for local fetch",no_document,no_document,no_document,no_document,no_document,no_document,no_document,no_document,no_document,no_document,no_document,no_document,no_document,no_document,no_document,no_document,no_document,no_document,no_document,no_document,no_document,no_document,no_document,no_document,no_document,no_document,no_document,no_document,no_document,no_document,no_document,no_document,no_document,no_document,no_document,no_document,no_document,no_document,no_document,no_document,no_document,no_document,no_document,no_document,no_document,no_document,no_document,no_document,no_document,no_document,no_document,no_document,no_document,no_document,no_document,no_document,no_document,no_document,no_document,no_document,no_document,no_document,no_document,no_document,no_document,no_document,no_document,no_document,no_document,no_document,no_document,no_document,no_document,no_document,no_document,no_document,no_document,no_document,no_document,no_document,no_document,no_document,no_document,no_document,no_document,no_document,no_document
"University College London",England,2,,,,,"document found but not archived (bot wall, script page or robots); waiting for local fetch",no_document,no_document,no_document,no_document,no_document,no_document,no_document,no_document,no_document,no_document,no_document,no_document,no_document,no_document,no_document,no_document,no_document,no_document,no_document,no_document,no_document,no_document,no_document,no_document,no_document,no_document,no_document,no_document,no_document,no_document,no_document,no_document,no_document,no_document,no_document,no_document,no_document,no_document,no_document,no_document,no_document,no_document,no_document,no_document,no_document,no_document,no_document,no_document,no_document,no_document,no_document,no_document,no_document,no_document,no_document,no_document,no_document,no_document,no_document,no_document,no_document,no_document,no_document,no_document,no_document,no_document,no_document,no_document,no_document,no_document,no_document,no_document,no_document,no_document,no_document,no_document,no_document,no_document,no_document,no_document,no_document,no_document,no_document,no_document,no_document,no_document,no_document
"University College of Estate Management",England,2,estate-management-students-genai-202610,2668,,,"",none_found,none_found,none_found,optional,none_found,none_found,optional,none_found,optional,none_found,not_in_document,not_in_document,not_in_document,not_in_document,not_in_document,not_in_document,not_in_document,not_in_document,not_in_document,not_in_document,not_in_document,not_in_document,not_in_document,not_in_document,stated,not_in_document,not_in_document,not_in_document,not_in_document,not_in_document,not_in_document,stated,not_in_document,not_in_document,not_in_document,not_in_document,not_in_document,not_in_document,not_in_document,not_in_document,not_in_document,not_in_document,not_in_document,not_in_document,not_in_document,not_in_document,not_in_document,not_in_document,not_in_document,not_in_document,stated,stated,stated,stated,borderline,not_in_document,not_in_document,not_in_document,not_in_document,not_in_document,not_in_document,not_in_document,stated,not_in_document,not_in_document,not_in_document,not_in_document,not_in_document,not_in_document,not_in_document,not_in_document,not_in_document,not_in_document,not_in_document,not_in_document,not_in_document,not_in_document,not_in_document,stated,borderline,not_in_document,not_in_document,not_in_document,borderline,not_in_document,not_in_document,not_in_document
"Birkbeck, University of London",England,2,birkbeck-london-students-genai-202610,2241,,,"",none_found,none_found,none_found,unspecified,none_found,optional,optional,none_found,none_found,none_found,borderline,not_in_document,borderline,not_in_document,not_in_document,not_in_document,not_in_document,not_in_document,borderline,stated,not_in_document,stated,not_in_document,stated,stated,stated,stated,not_in_document,borderline,not_in_document,not_in_document,not_in_document,stated,stated,stated,not_in_document,borderline,stated,stated,not_in_document,not_in_document,not_in_document,not_in_document,not_in_document,not_in_document,not_in_document,not_in_document,not_in_document,not_in_document,stated,borderline,borderline,stated,borderline,not_in_document,not_in_document,not_in_document,not_in_document,stated,not_in_document,not_in_document,not_in_document,stated,not_in_document,not_in_document,not_in_document,not_in_document,not_in_document,not_in_document,not_in_document,stated,not_in_document,stated,not_in_document,not_in_document,borderline,not_in_document,not_in_document,not_in_document,not_in_document,stated,not_in_document,not_in_document,not_in_document,not_in_document,not_in_document,not_in_document
"Dundalk Institute of Technology",Ireland,2,dundalk-institute-technology-students-genai-202610,1076,dundalk-institute-technology-d2-misconduct-procedure-202610,misconduct_procedure,"",none_found,none_found,none_found,none_found,none_found,none_found,optional,none_found,none_found,none_found,borderline,not_in_document,not_in_document,not_in_document,stated,not_in_document,not_in_document,not_in_document,not_in_document,stated,not_in_document,borderline,not_in_document,stated,borderline,stated,stated,stated,stated,stated,not_in_document,stated,stated,stated,not_in_document,not_in_document,not_in_document,borderline,not_in_document,not_in_document,not_in_document,not_in_document,not_in_document,not_in_document,not_in_document,not_in_document,not_in_document,not_in_document,stated,not_in_document,stated,stated,not_in_document,general_procedure,general_procedure,general_procedure,general_procedure,general_procedure,stated,not_in_document,not_in_document,borderline,stated,not_in_document,not_in_document,stated,not_in_document,not_in_document,borderline,not_in_document,not_in_document,not_in_document,not_in_document,not_in_document,not_in_document,not_in_document,not_in_document,not_in_document,general_procedure,general_procedure,not_in_document,borderline,not_in_document,not_in_document,not_in_document,general_procedure,not_in_document
"University of Greenwich",England,2,,,,,"document found but not archived (bot wall, script page or robots); waiting for local fetch",no_document,no_document,no_document,no_document,no_document,no_document,no_document,no_document,no_document,no_document,no_document,no_document,no_document,no_document,no_document,no_document,no_document,no_document,no_document,no_document,no_document,no_document,no_document,no_document,no_document,no_document,no_document,no_document,no_document,no_document,no_document,no_document,no_document,no_document,no_document,no_document,no_document,no_document,no_document,no_document,no_document,no_document,no_document,no_document,no_document,no_document,no_document,no_document,no_document,no_document,no_document,no_document,no_document,no_document,no_document,no_document,no_document,no_document,no_document,no_document,no_document,no_document,no_document,no_document,no_document,no_document,no_document,no_document,no_document,no_document,no_document,no_document,no_document,no_document,no_document,no_document,no_document,no_document,no_document,no_document,no_document,no_document,no_document,no_document,no_document,no_document,no_document
"Mary Immaculate College",Ireland,2,mary-immaculate-students-genai-202610,7933,mary-immaculate-d2-other-202610,other,"",none_found,optional,none_found,optional,none_found,none_found,none_found,optional,none_found,optional,not_in_document,stated,not_in_document,not_in_document,not_in_document,borderline,borderline,not_in_document,stated,stated,not_in_document,borderline,not_in_document,stated,not_in_document,stated,borderline,not_in_document,borderline,general_procedure,stated,not_in_document,not_in_document,not_in_document,not_in_document,not_in_document,not_in_document,stated,not_in_document,not_in_document,stated,stated,not_in_document,not_in_document,stated,stated,not_in_document,stated,stated,not_in_document,stated,stated,stated,stated,not_in_document,borderline,not_in_document,not_in_document,stated,stated,stated,not_in_document,stated,not_in_document,stated,stated,borderline,not_in_document,not_in_document,not_in_document,not_in_document,stated,stated,general_procedure,not_in_document,not_in_document,borderline,not_in_document,stated,borderline,stated,not_in_document,not_in_document,stated,not_in_document,borderline,not_in_document
"University of Suffolk",England,2,suffolk-students-genai-202610,1627,,,"",mandatory,none_found,planned,planned,none_found,none_found,none_found,optional,none_found,planned,not_in_document,not_in_document,not_in_document,not_in_document,stated,not_in_document,not_in_document,not_in_document,not_in_document,not_in_document,stated,borderline,not_in_document,stated,borderline,not_in_document,stated,stated,not_in_document,stated,not_in_document,stated,stated,not_in_document,not_in_document,not_in_document,stated,stated,not_in_document,not_in_document,stated,borderline,not_in_document,stated,not_in_document,stated,not_in_document,not_in_document,stated,not_in_document,stated,stated,stated,not_in_document,not_in_document,not_in_document,not_in_document,not_in_document,borderline,not_in_document,stated,stated,stated,stated,stated,borderline,not_in_document,not_in_document,not_in_document,not_in_document,not_in_document,not_in_document,not_in_document,not_in_document,stated,not_in_document,not_in_document,not_in_document,not_in_document,not_in_document,not_in_document,not_in_document,stated,borderline,stated,not_in_document,borderline
"University of Winchester",England,2,winchester-students-genai-202610,2114,,,"",planned,none_found,none_found,planned,planned,none_found,planned,advised,none_found,planned,not_in_document,stated,not_in_document,not_in_document,stated,not_in_document,not_in_document,not_in_document,not_in_document,stated,stated,stated,not_in_document,not_in_document,not_in_document,not_in_document,stated,not_in_document,not_in_document,stated,not_in_document,stated,not_in_document,not_in_document,not_in_document,not_in_document,not_in_document,not_in_document,not_in_document,not_in_document,not_in_document,not_in_document,not_in_document,not_in_document,not_in_document,not_in_document,not_in_document,stated,stated,stated,not_in_document,not_in_document,borderline,not_in_document,not_in_document,not_in_document,not_in_document,not_in_document,stated,not_in_document,not_in_document,not_in_document,stated,stated,stated,stated,stated,not_in_document,not_in_document,not_in_document,not_in_document,stated,not_in_document,not_in_document,not_in_document,not_in_document,not_in_document,not_in_document,not_in_document,not_in_document,not_in_document,not_in_document,borderline,not_in_document,stated,stated,not_in_document
"Health Sciences University",England,2,,,,,"no document audited (found)",no_document,no_document,no_document,no_document,no_document,no_document,no_document,no_document,no_document,no_document,no_document,no_document,no_document,no_document,no_document,no_document,no_document,no_document,no_document,no_document,no_document,no_document,no_document,no_document,no_document,no_document,no_document,no_document,no_document,no_document,no_document,no_document,no_document,no_document,no_document,no_document,no_document,no_document,no_document,no_document,no_document,no_document,no_document,no_document,no_document,no_document,no_document,no_document,no_document,no_document,no_document,no_document,no_document,no_document,no_document,no_document,no_document,no_document,no_document,no_document,no_document,no_document,no_document,no_document,no_document,no_document,no_document,no_document,no_document,no_document,no_document,no_document,no_document,no_document,no_document,no_document,no_document,no_document,no_document,no_document,no_document,no_document,no_document,no_document,no_document,no_document,no_document
