institution_id,institution,region,doc_id,field,value,quote
adelaide-university,Adelaide University,Australia,adelaide-university-students-genai-202610,consequence,treated_as_misconduct,using information generated by artificial intelligence without acknowledgement or attribution
griffith-university,Griffith University,Australia,griffith-university-students-genai-202610,duty,conditional,"If you use AI while completing an assessment, you may be required to include an AI declaration statement with your submission."
griffith-university,Griffith University,Australia,griffith-university-students-genai-202610,consequence,treated_as_misconduct,Failing to declare AI use appropriately could result in an academic integrity investigation
lincoln-university,Lincoln University,New Zealand,lincoln-university-students-genai-202610,duty,always_required,"Always acknowledge the use of GenAI tools, as you would with any source."
lincoln-university,Lincoln University,New Zealand,lincoln-university-students-genai-202610,decided_by,module_or_lecturer,"Your Course Examiner will tell you exactly how much GenAI, if any, you can use in each course and assessment item."
lincoln-university,Lincoln University,New Zealand,lincoln-university-students-genai-202610,decided_by,assessment_brief,Each assessment item will include a Generative Artificial Intelligence (GenAI) Usage statement.
lincoln-university,Lincoln University,New Zealand,lincoln-university-students-genai-202610,decided_by,tiered_scale,There are three levels of GenAI usage:
lincoln-university,Lincoln University,New Zealand,lincoln-university-students-genai-202610,contents,tool_name,"you must identify the GenAI tool used, describe how it was used, including the prompts utilised, and when it was used."
lincoln-university,Lincoln University,New Zealand,lincoln-university-students-genai-202610,contents,how_used,"describe how it was used, including the prompts utilised"
lincoln-university,Lincoln University,New Zealand,lincoln-university-students-genai-202610,contents,prompts,including the prompts utilised
lincoln-university,Lincoln University,New Zealand,lincoln-university-students-genai-202610,contents,date_accessed,and when it was used.
lincoln-university,Lincoln University,New Zealand,lincoln-university-students-genai-202610,location,statement_in_work,Any use of GenAI tools must be clearly acknowledged in your assessment submission
lincoln-university,Lincoln University,New Zealand,lincoln-university-students-genai-202610,referencing,follow_guide,"Acknowledge any use, or not, of GenAI in your assessment submission (follow the guidelines on Te Kete Wānaka's Referencing page)."
lincoln-university,Lincoln University,New Zealand,lincoln-university-students-genai-202610,consequence,treated_as_misconduct,Using GenAI without following the guidelines is a breach of academic integrity.
massey-university,Massey University,New Zealand,massey-university-students-genai-202610,duty,always_required,"Whenever you use AI tools, you must keep and provide records that identify the AI used, reference it appropriately and describe how you adapted the outputs to produce your own work."
massey-university,Massey University,New Zealand,massey-university-students-genai-202610,decided_by,tiered_scale,Massey uses an Artificial Intelligence Use Framework to determine what level of use of generative AI is permitted for specific assessments.
massey-university,Massey University,New Zealand,massey-university-students-genai-202610,decided_by,assessment_brief,Massey uses an Artificial Intelligence Use Framework to determine what level of use of generative AI is permitted for specific assessments.
massey-university,Massey University,New Zealand,massey-university-students-genai-202610,decided_by,module_or_lecturer,Specific information about how you may use AI is provided in each course.
massey-university,Massey University,New Zealand,massey-university-students-genai-202610,contents,tool_name,identify the AI used
massey-university,Massey University,New Zealand,massey-university-students-genai-202610,contents,how_used,describe how you adapted the outputs to produce your own work.
massey-university,Massey University,New Zealand,massey-university-students-genai-202610,contents,prompts,a full record of all the AI tools and prompts you used
massey-university,Massey University,New Zealand,massey-university-students-genai-202610,contents,outputs,the AI-generated content
massey-university,Massey University,New Zealand,massey-university-students-genai-202610,contents,own_contribution,an explanation of where and how you used and modified that content in your assignment.
massey-university,Massey University,New Zealand,massey-university-students-genai-202610,location,appendix,"Submit an appendix with your assessment containing a full record of all the AI tools and prompts you used, the AI-generated content and an explanation of where and how you used and modified that content in your assignment."
massey-university,Massey University,New Zealand,massey-university-students-genai-202610,referencing,follow_guide,Find out how to cite information from an AI platform in APA Style
massey-university,Massey University,New Zealand,massey-university-students-genai-202610,records,required,you must keep and provide records that identify the AI used
massey-university,Massey University,New Zealand,massey-university-students-genai-202610,consequence,treated_as_misconduct,"if the tool is used to generate work that is not your own and which you do not disclose, this may be regarded as a breach of academic integrity."
university-of-southern-queensland,University of Southern Queensland,Australia,university-of-southern-queensland-students-genai-202610,duty,always_required,You must still acknowledge AI according to academic integrity practices.
university-of-southern-queensland,University of Southern Queensland,Australia,university-of-southern-queensland-students-genai-202610,decided_by,module_or_lecturer,"If your Course Coordinator permits AI use, the way it can be used will be outlined in your assessment task sheet."
university-of-southern-queensland,University of Southern Queensland,Australia,university-of-southern-queensland-students-genai-202610,decided_by,assessment_brief,the way it can be used will be outlined in your assessment task sheet.
university-of-southern-queensland,University of Southern Queensland,Australia,university-of-southern-queensland-students-genai-202610,decided_by,tiered_scale,"UniSQ uses two assessment categories, Verified and Open, to clearly communicate expectations regarding assessment conditions and the use of AI."
university-of-southern-queensland,University of Southern Queensland,Australia,university-of-southern-queensland-students-genai-202610,referencing,follow_guide,Always acknowledge the tools you used and cite them properly—UniSQ’s library guides can help.
university-of-southern-queensland,University of Southern Queensland,Australia,university-of-southern-queensland-students-genai-202610,consequence,treated_as_misconduct,Failure to reference AI correctly can result in academic misconduct penalties.
university-of-auckland,University of Auckland,New Zealand,university-of-auckland-students-genai-202610,duty,conditional,"As the author, each student is responsible for the work generated by the AI tool, and this may include expressly acknowledging the use of the tool."
university-of-auckland,University of Auckland,New Zealand,university-of-auckland-students-genai-202610,decided_by,tiered_scale,The University is adopting a two-lane approach to assessment to provide clarity to students on when and how they may use AI tools in taught courses.
university-of-auckland,University of Auckland,New Zealand,university-of-auckland-students-genai-202610,decided_by,module_or_lecturer,Students should refer to their Course Director/Course Coordinator for guidance.
university-of-canterbury,University of Canterbury,New Zealand,university-of-canterbury-students-genai-202610,duty,always_required,"If you do use it, then you will be required to disclose this, with a description of how you used it."
university-of-canterbury,University of Canterbury,New Zealand,university-of-canterbury-students-genai-202610,default_when_silent,ask_instructor,"If this information is not provided, contact your course coordinator before assuming you can use AI."
university-of-canterbury,University of Canterbury,New Zealand,university-of-canterbury-students-genai-202610,decided_by,module_or_lecturer,"In your studies, how you are permitted to use Gen-AI will be determined by your lecturers and course coordinators."
university-of-canterbury,University of Canterbury,New Zealand,university-of-canterbury-students-genai-202610,decided_by,assessment_brief,Please refer to your course outline/assessment brief for information about what is allowed.
university-of-canterbury,University of Canterbury,New Zealand,university-of-canterbury-students-genai-202610,contents,how_used,"If you do use it, then you will be required to disclose this, with a description of how you used it."
university-of-canterbury,University of Canterbury,New Zealand,university-of-canterbury-students-genai-202610,contents,tool_name,You may be asked to complete a cover page that indicates what tools you have used and/or how you have used them.
university-of-canterbury,University of Canterbury,New Zealand,university-of-canterbury-students-genai-202610,location,coversheet_or_form,You may be asked to complete a cover page that indicates what tools you have used and/or how you have used them.
university-of-canterbury,University of Canterbury,New Zealand,university-of-canterbury-students-genai-202610,location,statement_in_work,Other courses may require you to include a section with your assessment that gives this information.
university-of-waikato,University of Waikato,New Zealand,university-of-waikato-students-genai-202610,decided_by,module_or_lecturer,"if you're unsure, always check with your paper convener or lecturer."
university-of-waikato,University of Waikato,New Zealand,university-of-waikato-students-genai-202610,decided_by,assessment_brief,unless explicitly permitted in the assignment instructions
victoria-university-of-wellington,Victoria University of Wellington,New Zealand,victoria-university-of-wellington-students-genai-202610,duty,always_required,acknowledge any use of generative AI technologies in accordance with appropriate citation standards and library guidance
victoria-university-of-wellington,Victoria University of Wellington,New Zealand,victoria-university-of-wellington-students-genai-202610,decided_by,module_or_lecturer,Course coordinators should determine their approaches regarding the student use of generative AI technologies in their courses
victoria-university-of-wellington,Victoria University of Wellington,New Zealand,victoria-university-of-wellington-students-genai-202610,decided_by,assessment_brief,are responsible for clearly communicating their expectations to Students through their course outline and/or documentation for each assessment item.
victoria-university-of-wellington,Victoria University of Wellington,New Zealand,victoria-university-of-wellington-students-genai-202610,referencing,follow_guide,acknowledge any use of generative AI technologies in accordance with appropriate citation standards and library guidance
cape-breton-university,Cape Breton University,Canada,cape-breton-university-students-genai-202610,decided_by,institution_wide,AI with Purpose provides institution-wide direction while acknowledging that complete regulation of every AI scenario is neither feasible nor desirable.
universite-de-l-ontario-francais,Université de l'Ontario français,Canada,universite-de-l-ontario-francais-students-genai-202610,duty,always_required,déclarer tout usage d’IAG conformément aux consignes et comprendre et valider le contenu soumis ;
universite-de-l-ontario-francais,Université de l'Ontario français,Canada,universite-de-l-ontario-francais-students-genai-202610,decided_by,module_or_lecturer,"Toute décision en ce sens demeure du ressort de la personne enseignante, pour chaque activité pédagogique de leur cours."
universite-de-l-ontario-francais,Université de l'Ontario français,Canada,universite-de-l-ontario-francais-students-genai-202610,decided_by,tiered_scale,les usages sont répartis en trois catégories
universite-de-l-ontario-francais,Université de l'Ontario français,Canada,universite-de-l-ontario-francais-students-genai-202610,contents,tool_name,l’outil utilisé ;
universite-de-l-ontario-francais,Université de l'Ontario français,Canada,universite-de-l-ontario-francais-students-genai-202610,contents,prompts,"le contexte d’utilisation (les requêtes formulées, si nécessaires) ;"
universite-de-l-ontario-francais,Université de l'Ontario français,Canada,universite-de-l-ontario-francais-students-genai-202610,contents,outputs,les extraits générés (si requis) ;
universite-de-l-ontario-francais,Université de l'Ontario français,Canada,universite-de-l-ontario-francais-students-genai-202610,contents,learning_reflection,une réflexion éthique et critique sur l’usage.
universite-de-l-ontario-francais,Université de l'Ontario français,Canada,universite-de-l-ontario-francais-students-genai-202610,location,coversheet_or_form,L’Université mettra à disposition un formulaire institutionnel de déclaration comprenant :
universite-de-l-ontario-francais,Université de l'Ontario français,Canada,universite-de-l-ontario-francais-students-genai-202610,consequence,treated_as_misconduct,omet de déclarer un usage qui devait l’être
universite-du-quebec-a-chicoutimi,Université du Québec à Chicoutimi,Canada,universite-du-quebec-a-chicoutimi-students-genai-202610,duty,always_required,"À la personne étudiante d’indiquer le niveau d’utilisation de l’intelligence artificielle générative qu’elle a fait pour chaque travail, production ou évaluation, par exemple en:"
universite-du-quebec-a-chicoutimi,Université du Québec à Chicoutimi,Canada,universite-du-quebec-a-chicoutimi-students-genai-202610,decided_by,module_or_lecturer,"À la personne enseignante de déclarer (par exemple dans le plan de cours) le niveau d’utilisation de l’intelligence artificielle autorisé pour chaque travail, production ou évaluation demandé aux personnes étudiantes;"
universite-du-quebec-a-chicoutimi,Université du Québec à Chicoutimi,Canada,universite-du-quebec-a-chicoutimi-students-genai-202610,decided_by,tiered_scale,La déclaration et l’autorisation d’utilisation des niveaux d’utilisation de l’intelligence artificielle générative (IAg) font référence aux niveaux qui sont présentés par les pictogrammes de déclaration d’utilisation de l’IAg.
universite-du-quebec-a-chicoutimi,Université du Québec à Chicoutimi,Canada,universite-du-quebec-a-chicoutimi-students-genai-202610,location,coversheet_or_form,remplissant le formulaire de déclaration d’utilisation de l’IAg dans une production étudiante (exemple).
universite-du-quebec-a-chicoutimi,Université du Québec à Chicoutimi,Canada,universite-du-quebec-a-chicoutimi-students-genai-202610,location,with_references,"l’endroit dans la production où la déclaration d’utilisation de l’IAg est attendue (page frontispice, références, bibliographies, etc.);"
universite-du-quebec-a-chicoutimi,Université du Québec à Chicoutimi,Canada,universite-du-quebec-a-chicoutimi-students-genai-202610,consequence,treated_as_misconduct,Une utilisation de l’IA générative qui n’a pas été mentionnée ou citée peut constituer une infraction.
wilfrid-laurier-university,Wilfrid Laurier University,Canada,wilfrid-laurier-university-students-genai-202610,duty,always_required,"Whenever you use gen AI, cite or acknowledge it."
wilfrid-laurier-university,Wilfrid Laurier University,Canada,wilfrid-laurier-university-students-genai-202610,default_when_silent,prohibit_all,"If your instructor has not clearly stated that gen AI is permitted, assume it's not."
wilfrid-laurier-university,Wilfrid Laurier University,Canada,wilfrid-laurier-university-students-genai-202610,decided_by,module_or_lecturer,"Before using gen AI in any course, always check your course outline and your instructor’s expectations."
wilfrid-laurier-university,Wilfrid Laurier University,Canada,wilfrid-laurier-university-students-genai-202610,contents,tool_name,I acknowledge the use of [insert AI system(s) and link] to [specific use of generative artificial intelligence]. The prompts used include [list of prompts].
grambling-state-university,Grambling State University,United States,grambling-state-university-students-genai-202610,duty,always_required,"All uses of AI regardless of format, including text, images, voice, audio or video be reviewed and clearly disclosed in academic, research, and communications outputs."
grambling-state-university,Grambling State University,United States,grambling-state-university-students-genai-202610,decided_by,institution_wide,"This policy is applicable to all faculty, students, staff, vendors, contractors and"
grambling-state-university,Grambling State University,United States,grambling-state-university-students-genai-202610,decided_by,module_or_lecturer,Faculty integrating AI into courses must include approved syllabus statements
university-of-arkansas-at-fayetteville,University of Arkansas at Fayetteville,United States,university-of-arkansas-at-fayetteville-students-genai-202610,decided_by,module_or_lecturer,Students must receive permission in advance to use any generative AI technology in completing academic work from their instructor.
university-of-arkansas-at-fayetteville,University of Arkansas at Fayetteville,United States,university-of-arkansas-at-fayetteville-students-genai-202610,referencing,follow_guide,Recent guidance has been posted for the most common citation styles provided on How to Cite AI.
leedstrinity,Leeds Trinity University,England,leedstrinity-students-genai-202610,decided_by,module_or_lecturer,we will provide clear guidance on their responsible use in modules and assessments.
portsmouth,University of Portsmouth,England,portsmouth-students-genai-202610,duty,always_required,But you must acknowledge how you've used AI in any submissions or assessments.
portsmouth,University of Portsmouth,England,portsmouth-students-genai-202610,default_when_silent,permit_with_acknowledgement,The short answer is yes — but you must acknowledge when and how you've used AI in your assignments.
portsmouth,University of Portsmouth,England,portsmouth-students-genai-202610,decided_by,assessment_brief,You must not AI if you have been told not to do so in the assessment brief.
portsmouth,University of Portsmouth,England,portsmouth-students-genai-202610,decided_by,institution_wide,every summative assessment in Moodle now includes an AI acknowledgment form
portsmouth,University of Portsmouth,England,portsmouth-students-genai-202610,contents,how_used,tell us how you used AI to help you
portsmouth,University of Portsmouth,England,portsmouth-students-genai-202610,contents,learning_reflection,It gives you an opportunity to explain the role it played in your learning.
portsmouth,University of Portsmouth,England,portsmouth-students-genai-202610,location,coversheet_or_form,every summative assessment in Moodle now includes an AI acknowledgment form
southampton-solent,Southampton Solent University,England,southampton-solent-students-genai-202610,duty,conditional,"Where the use of generative AI is expressly permitted, all work generated by AI tools must be properly referenced, using Solent University referencing guidelines."
southampton-solent,Southampton Solent University,England,southampton-solent-students-genai-202610,default_when_silent,prohibit_all,AI tools must only be used when the assessment instructions permit its use.
southampton-solent,Southampton Solent University,England,southampton-solent-students-genai-202610,decided_by,school_or_department,Although there is space for academic disciplines to decide on appropriate uses of generative AI
southampton-solent,Southampton Solent University,England,southampton-solent-students-genai-202610,decided_by,module_or_lecturer,"it is up to the course team to decide what constitutes acceptable use, which may be negotiated by assignment or as an overall principle."
southampton-solent,Southampton Solent University,England,southampton-solent-students-genai-202610,decided_by,assessment_brief,AI tools must only be used when the assessment instructions permit its use.
southampton-solent,Southampton Solent University,England,southampton-solent-students-genai-202610,decided_by,institution_wide,"this policy nevertheless presents a baseline of expectations, particularly
in point 8.3."
southampton-solent,Southampton Solent University,England,southampton-solent-students-genai-202610,location,with_references,"Where AI is used to generate content, it must be referenced as a source."
southampton-solent,Southampton Solent University,England,southampton-solent-students-genai-202610,referencing,follow_guide,"all work generated by AI tools must be properly referenced, using Solent University referencing guidelines."
bedfordshire,University of Bedfordshire,England,bedfordshire-students-genai-202610,duty,always_required,"If you do use AI as a help tool, you will need to reference it in your assignment."
bedfordshire,University of Bedfordshire,England,bedfordshire-students-genai-202610,decided_by,assessment_brief,"Firstly, check whether you are allowed to use AI in assignments and your course, the assignment brief and your tutors will be able to advise."
bedfordshire,University of Bedfordshire,England,bedfordshire-students-genai-202610,decided_by,module_or_lecturer,"Firstly, check whether you are allowed to use AI in assignments and your course, the assignment brief and your tutors will be able to advise."
bedfordshire,University of Bedfordshire,England,bedfordshire-students-genai-202610,contents,prompts,"Best practice is to save a transcript, or a screen shot of the question you posed and the answer you got and add to your assignment as an appendix."
bedfordshire,University of Bedfordshire,England,bedfordshire-students-genai-202610,contents,outputs,"Best practice is to save a transcript, or a screen shot of the question you posed and the answer you got and add to your assignment as an appendix."
bedfordshire,University of Bedfordshire,England,bedfordshire-students-genai-202610,location,appendix,"Best practice is to save a transcript, or a screen shot of the question you posed and the answer you got and add to your assignment as an appendix."
bedfordshire,University of Bedfordshire,England,bedfordshire-students-genai-202610,referencing,cite_in_reference_list,The citation gives an example of how to create the intext citation and the reference list.
bedfordshire,University of Bedfordshire,England,bedfordshire-students-genai-202610,records,recommended,"Best practice is to save a transcript, or a screen shot of the question you posed and the answer you got and add to your assignment as an appendix."
bedfordshire,University of Bedfordshire,England,bedfordshire-students-genai-202610,consequence,treated_as_misconduct,Cutting and pasting all or some of the content created by the AI used and not citing could be considered plagiarism.
birkbeck-london,"Birkbeck, University of London",England,birkbeck-london-students-genai-202610,duty,always_required,"The AI Declaration must be submitted with all assessments submitted to, or completed on, Moodle, including those where no AI use is permitted by the Assessment Brief."
birkbeck-london,"Birkbeck, University of London",England,birkbeck-london-students-genai-202610,decided_by,assessment_brief,You should pay close attention to the assessment brief as this will state what level and type of AI usage is permitted for that particular assessment.
birkbeck-london,"Birkbeck, University of London",England,birkbeck-london-students-genai-202610,decided_by,module_or_lecturer,please contact the Module Convenor in the first instance.
birkbeck-london,"Birkbeck, University of London",England,birkbeck-london-students-genai-202610,contents,tool_name,Which AI tool(s) you used.
birkbeck-london,"Birkbeck, University of London",England,birkbeck-london-students-genai-202610,contents,prompts,A brief description of the prompts you used and the outputs that were generated.
birkbeck-london,"Birkbeck, University of London",England,birkbeck-london-students-genai-202610,contents,outputs,A brief description of the prompts you used and the outputs that were generated.
birkbeck-london,"Birkbeck, University of London",England,birkbeck-london-students-genai-202610,contents,how_used,How you used any material generated by AI tools including generative AI.
birkbeck-london,"Birkbeck, University of London",England,birkbeck-london-students-genai-202610,contents,own_contribution,"Which parts of the work were contributed by AI tools including generative AI, and which parts were contributed by you."
birkbeck-london,"Birkbeck, University of London",England,birkbeck-london-students-genai-202610,contents,date_accessed,"It is expected that references to AI outputs will include: (i) the name of the AI platform, (ii) the date of use, (iii) the person who input the prompt."
birkbeck-london,"Birkbeck, University of London",England,birkbeck-london-students-genai-202610,contents,why_used,"did you use it, what purposes did you use it for, and how did you work with it?"
birkbeck-london,"Birkbeck, University of London",England,birkbeck-london-students-genai-202610,contents,extent_or_scope,"The purpose of this form is to
declare the level of your use of AI tools including generative AI"
birkbeck-london,"Birkbeck, University of London",England,birkbeck-london-students-genai-202610,location,coversheet_or_form,"The AI Declaration must be submitted with all assessments submitted to, or completed on, Moodle, including those where no AI use is permitted by the Assessment Brief."
birkbeck-london,"Birkbeck, University of London",England,birkbeck-london-students-genai-202610,location,with_references,Reference the use in your work (see section 4 below)
birkbeck-london,"Birkbeck, University of London",England,birkbeck-london-students-genai-202610,referencing,cite_in_reference_list,"It is expected that references to AI outputs will include: (i) the name of the AI platform, (ii) the date of use, (iii) the person who input the prompt."
birkbeck-london,"Birkbeck, University of London",England,birkbeck-london-students-genai-202610,records,required,"Keep a record of the tools, prompts and outputs (see section 6 below)."
birkbeck-london,"Birkbeck, University of London",England,birkbeck-london-students-genai-202610,consequence,treated_as_misconduct,If you complete this declaration and have not properly referenced AI in your work it will still be flagged for academic integrity.
ucd,University College Dublin,Ireland,ucd-students-genai-202610,duty,always_required,When you do use AI generated content you must acknowledge its use with proper attribution and citation.
ucd,University College Dublin,Ireland,ucd-students-genai-202610,decided_by,module_or_lecturer,for student assignments you should seek prior approval of your module coordinator before using GenAI Tools
ucd,University College Dublin,Ireland,ucd-students-genai-202610,referencing,follow_guide,The library provides guidance on how to correctly cite and reference Generative AI in this guide as well as in each of the citation style guides available on our website.
west-london,University of West London,England,west-london-students-genai-202610,duty,conditional,"When incorporating AI-generated content into your own work, you must acknowledge it by providing correct references."
west-london,University of West London,England,west-london-students-genai-202610,decided_by,tiered_scale,The use of AI tools in assessments follows the traffic light system.
west-london,University of West London,England,west-london-students-genai-202610,decided_by,assessment_brief,You must keep within the guidelines for using AI and AI tools which are set out in your assessment brief.
west-london,University of West London,England,west-london-students-genai-202610,decided_by,module_or_lecturer,"Follow the guidance your lecturer provides about AI usage for your assessments, following the traffic light system."
west-london,University of West London,England,west-london-students-genai-202610,referencing,cite_in_reference_list,"If you do decide to use an AI tool as a source of information in your course work or assignment, you must reference it correctly."
west-london,University of West London,England,west-london-students-genai-202610,consequence,treated_as_misconduct,If you fail to do so this may result in academic misconduct.
bristol,University of Bristol,England,bristol-students-genai-202610,default_when_silent,use_by_use_rule,"If you have not been given any other instructions, use this as the default category for your assessment and studying."
bristol,University of Bristol,England,bristol-students-genai-202610,decided_by,tiered_scale,Your assessment will be given one of the following categories:
bristol,University of Bristol,England,bristol-students-genai-202610,decided_by,module_or_lecturer,Your lecturer will tell you what you can use it for.
bristol,University of Bristol,England,bristol-students-genai-202610,decided_by,school_or_department,"The use of AI during an assessment or studying will depend on the learning objectives, course and school."
bristol,University of Bristol,England,bristol-students-genai-202610,decided_by,assessment_brief,Translation tools may only be used for assessments if the assessment brief specifically allows it
national-ireland,National College of Ireland,Ireland,national-ireland-students-genai-202610,duty,always_required,"If you have used AI sources in your work in any capacity, then you must acknowledge, describe, and evidence their use by filling out the AI Referencing Supplement Document and attaching it with your submission."
national-ireland,National College of Ireland,Ireland,national-ireland-students-genai-202610,decided_by,module_or_lecturer,Your lecturer/tutor will be able to offer specific guidance around what usage may or may not be acceptable within a particular assignment
national-ireland,National College of Ireland,Ireland,national-ireland-students-genai-202610,decided_by,institution_wide,however the rules below regarding academic integrity will apply in all cases:
national-ireland,National College of Ireland,Ireland,national-ireland-students-genai-202610,contents,tool_name,Name the tool/s used in the creation of your work in the format shown in the example below:
national-ireland,National College of Ireland,Ireland,national-ireland-students-genai-202610,contents,how_used,A description of how the tool was used should be added after the Acknowledgement section.
national-ireland,National College of Ireland,Ireland,national-ireland-students-genai-202610,contents,prompts,"Remember to detail the types of prompts used, the output you received, and how you used/changed that material."
national-ireland,National College of Ireland,Ireland,national-ireland-students-genai-202610,contents,outputs,"Remember to detail the types of prompts used, the output you received, and how you used/changed that material."
national-ireland,National College of Ireland,Ireland,national-ireland-students-genai-202610,contents,own_contribution,"Remember to detail the types of prompts used, the output you received, and how you used/changed that material."
national-ireland,National College of Ireland,Ireland,national-ireland-students-genai-202610,contents,why_used,"ensuring that they reference how and why they used it, with appropriate evidence/references."
national-ireland,National College of Ireland,Ireland,national-ireland-students-genai-202610,location,coversheet_or_form,"If you have used AI sources in your work in any capacity, then you must acknowledge, describe, and evidence their use by filling out the AI Referencing Supplement Document and attaching it with your submission."
national-ireland,National College of Ireland,Ireland,national-ireland-students-genai-202610,location,appendix,It is essential that significant prompts or responses utilized or generated by the AI tool are included in your work's appendices.
national-ireland,National College of Ireland,Ireland,national-ireland-students-genai-202610,referencing,follow_guide,Check out Referencing and Avoiding Plagiarism Guide.
national-ireland,National College of Ireland,Ireland,national-ireland-students-genai-202610,records,required,"Moreover, maintaining a record of all AI interactions related to your assessment is crucial in case you are required to present it to a faculty member."
national-ireland,National College of Ireland,Ireland,national-ireland-students-genai-202610,consequence,treated_as_misconduct,Concealing your methods and not maintaining transparency in your approach.
ucb,University College Birmingham,England,ucb-students-genai-202610,duty,always_required,Use must be clearly acknowledged
ucb,University College Birmingham,England,ucb-students-genai-202610,contents,extent_or_scope,The nature and extent of AI use must be explained
ucb,University College Birmingham,England,ucb-students-genai-202610,contents,learning_reflection,Reflections on the quality of AI outputs should be explored
westminster,University of Westminster,England,westminster-students-genai-202610,duty,always_required,"For assessed coursework, you must disclose any use of GenAI."
sheffield-hallam,Sheffield Hallam University,England,sheffield-hallam-students-genai-202610,duty,always_required,"If you have used AI in your work, you need to be clear about whether to reference your use of AI as a source, or to acknowledge your use of AI, or both."
sheffield-hallam,Sheffield Hallam University,England,sheffield-hallam-students-genai-202610,default_when_silent,prohibit_all,"If in doubt, assume that AI cannot be used in your assessment task."
sheffield-hallam,Sheffield Hallam University,England,sheffield-hallam-students-genai-202610,decided_by,module_or_lecturer,Your tutors should give you guidance about the level of AI which is allowed in your assessment task.
sheffield-hallam,Sheffield Hallam University,England,sheffield-hallam-students-genai-202610,decided_by,assessment_brief,This guidance on what is allowed and how to acknowledge any use of AI in your assessment should typically be included in your assessment brief.
sheffield-hallam,Sheffield Hallam University,England,sheffield-hallam-students-genai-202610,decided_by,tiered_scale,"Sometimes tutors may use the Artificial Intelligence Transparency Scale below to help communicate about how AI may be used, although they may use a different approach."
sheffield-hallam,Sheffield Hallam University,England,sheffield-hallam-students-genai-202610,contents,how_used,"If you are acknowledging the use of AI in your work, you should provide a statement about how you have used it."
sheffield-hallam,Sheffield Hallam University,England,sheffield-hallam-students-genai-202610,referencing,follow_guide,See the Library's guidance about when and how to reference AI.
soas-london,SOAS University of London,England,soas-london-students-genai-202610,decided_by,module_or_lecturer,Adhere to guidelines from your convenor/ programme; what are the expectations in its use?
teesside,Teesside University,England,teesside-students-genai-202610,duty,always_required,"Acknowledge your use of AI (for example, “I used Microsoft Copilot to help check grammar in my essay”)."
teesside,Teesside University,England,teesside-students-genai-202610,decided_by,assessment_brief,"If your assignment guidelines forbid AI, don’t use it."
teesside,Teesside University,England,teesside-students-genai-202610,decided_by,module_or_lecturer,Please keep checking this page or with your module tutor for the most up-to-date guidance.
teesside,Teesside University,England,teesside-students-genai-202610,decided_by,school_or_department,The School of Health and Life Sciences provide help on filling in the Declaration of the Use of AI form for modules on p5-6 of their student guidance
teesside,Teesside University,England,teesside-students-genai-202610,contents,how_used,"If AI use is allowed, explain how you used it in your work."
teesside,Teesside University,England,teesside-students-genai-202610,location,coversheet_or_form,The School of Health and Life Sciences provide help on filling in the Declaration of the Use of AI form for modules on p5-6 of their student guidance
teesside,Teesside University,England,teesside-students-genai-202610,referencing,follow_guide,Cite directly included AI content using Teesside University’s referencing guide.
teesside,Teesside University,England,teesside-students-genai-202610,records,recommended,You should also keep all the updated drafts of your work to evidence changes that you have made.
ulster,Ulster University,Northern Ireland,ulster-library-genai-guide-202610,duty,always_required,"Always acknowledge and reference any tools you use, following university guidance."
ulster,Ulster University,Northern Ireland,ulster-library-genai-guide-202610,decided_by,module_or_lecturer,Please check with your course instructor about the use of Generative AI in accordance with each module specifications.
ulster,Ulster University,Northern Ireland,ulster-library-genai-guide-202610,location,appendix,Keep a screenshot of conversations or outputs in your appendix where required.
ulster,Ulster University,Northern Ireland,ulster-library-genai-guide-202610,referencing,follow_guide,"Always acknowledge and reference any tools you use, following university guidance."
ulster,Ulster University,Northern Ireland,ulster-library-genai-guide-202610,records,recommended,Keep a screenshot of conversations or outputs in your appendix where required.
bath-spa,Bath Spa University,England,bath-spa-students-genai-202610,duty,always_required,"If you use any generative AI tools at any stage of your assessment, include information on how you have used it as an appendix at the end of your piece of work."
bath-spa,Bath Spa University,England,bath-spa-students-genai-202610,decided_by,module_or_lecturer,"At Bath Spa, your lecturers are free to specify the extent to which you may use AI in your work and will make this clear in your assessment guidelines."
bath-spa,Bath Spa University,England,bath-spa-students-genai-202610,decided_by,assessment_brief,will make this clear in your assessment guidelines.
bath-spa,Bath Spa University,England,bath-spa-students-genai-202610,contents,tool_name,Name the generative AI tool(s) you have used and summarise how you have used them.
bath-spa,Bath Spa University,England,bath-spa-students-genai-202610,contents,how_used,Name the generative AI tool(s) you have used and summarise how you have used them.
bath-spa,Bath Spa University,England,bath-spa-students-genai-202610,location,appendix,include information on how you have used it as an appendix at the end of your piece of work.
bath-spa,Bath Spa University,England,bath-spa-students-genai-202610,referencing,follow_guide,"If you choose to copy and paste a large amount of text from GenAI, it is important to cite this correctly as outlined in Cite them Right."
bath-spa,Bath Spa University,England,bath-spa-students-genai-202610,consequence,treated_as_misconduct,You must not directly copy larger chunks of text or images that have been produced for you by AI without attributing the source
bath-spa,Bath Spa University,England,bath-spa-students-genai-202610,exempt,below_length_threshold,"you can copy word-for-word, without referencing, sentence fragments that don’t contain facts."
gloucestershire,University of Gloucestershire,England,gloucestershire-students-genai-202610,duty,recommended,Giving appropriate credit to the use of Gen AI includes accurate referencing.
gloucestershire,University of Gloucestershire,England,gloucestershire-students-genai-202610,decided_by,school_or_department,Each academic school has a statement which sets out expectations around the use of generative AI
gloucestershire,University of Gloucestershire,England,gloucestershire-students-genai-202610,decided_by,assessment_brief,did I follow all the guidance and restrictions on the use of AI for this particular assessment?
gloucestershire,University of Gloucestershire,England,gloucestershire-students-genai-202610,referencing,follow_guide,Cite them Right includes more information about this aspect of AI usage including suggested citations.
oxford-brookes,Oxford Brookes University,England,oxford-brookes-students-genai-202610,duty,always_required,"If you do use AI tools in your assignment, you always need to acknowledge this."
oxford-brookes,Oxford Brookes University,England,oxford-brookes-students-genai-202610,default_when_silent,ask_instructor,"If you are unsure, seek guidance from your lecturers on the ethical use of AI tools in your particular assignments and research."
oxford-brookes,Oxford Brookes University,England,oxford-brookes-students-genai-202610,decided_by,assessment_brief,"Different assignments will have different instructions on whether and how you can use AI, so check your module handbook first."
oxford-brookes,Oxford Brookes University,England,oxford-brookes-students-genai-202610,decided_by,module_or_lecturer,"If you are unsure, seek guidance from your lecturers on the ethical use of AI tools in your particular assignments and research."
oxford-brookes,Oxford Brookes University,England,oxford-brookes-students-genai-202610,contents,tool_name,This should include an acknowledgement of any AI tools you have used and a brief explanation of how you’ve used them (or as specified in your assignment instructions).
oxford-brookes,Oxford Brookes University,England,oxford-brookes-students-genai-202610,contents,how_used,This should include an acknowledgement of any AI tools you have used and a brief explanation of how you’ve used them (or as specified in your assignment instructions).
oxford-brookes,Oxford Brookes University,England,oxford-brookes-students-genai-202610,location,statement_in_work,include an Acknowledgements section at the very end of your assignment (after the reference list).
southampton,University of Southampton,England,southampton-students-genai-202610,duty,conditional,"In other cases, you may be asked to complete a declaration statement that describes how you have used generative AI."
southampton,University of Southampton,England,southampton-students-genai-202610,default_when_silent,ask_instructor,Please check with your tutor before using generative AI in your work.
southampton,University of Southampton,England,southampton-students-genai-202610,decided_by,module_or_lecturer,Always talk to your module tutor to check how to use GenAI to support your studies in their subjects.
southampton,University of Southampton,England,southampton-students-genai-202610,decided_by,institution_wide,This page sets out how we as a university recommend using generative artificial intelligence (GenAI) in your studies as a student with us.
southampton,University of Southampton,England,southampton-students-genai-202610,contents,how_used,"In other cases, you may be asked to complete a declaration statement that describes how you have used generative AI."
bimm,BIMM University,England,bimm-students-genai-202610,duty,conditional,"However, where AI is used to create content that forms part of an assessment this must be attributed as detailed above in the section on plagiarism."
bimm,BIMM University,England,bimm-students-genai-202610,consequence,treated_as_misconduct,Using Artificial Intelligence (AI) applications to create work or elements of work without fully attributing their use.
bimm,BIMM University,England,bimm-students-genai-202610,exempt,check_language,"Using digital tools including AI to help you with things like editing and refining your writing (spelling, grammar, syntax, and clarity ) is permissible and does not require attribution."
bimm,BIMM University,England,bimm-students-genai-202610,exempt,rewrite_or_paraphrase_own_text,"Using digital tools including AI to help you with things like editing and refining your writing (spelling, grammar, syntax, and clarity ) is permissible and does not require attribution."
estate-management,University College of Estate Management,England,estate-management-students-genai-202610,duty,always_required,"Following University of the Built Environment guidance on the appropriate use of generative Artificial Intelligence, and accurately declaring its usage;"
estate-management,University College of Estate Management,England,estate-management-students-genai-202610,decided_by,assessment_brief,Identifying and following guidance on appropriate use of generative Artificial Intelligence for the assessment;
estate-management,University College of Estate Management,England,estate-management-students-genai-202610,consequence,treated_as_misconduct,"This occurs when the work of others, including content created by generative Artificial Intelligence systems (AI), is not cited or referenced, with the intention of convincing the marker or other readers that it is your own work."
heriot-watt,Heriot-Watt University,Scotland,heriot-watt-students-genai-202610,duty,conditional,"Where the output contributes to summative assessment, you must ensure that you reference this following the referencing style and any specific guidance from your course."
heriot-watt,Heriot-Watt University,Scotland,heriot-watt-students-genai-202610,default_when_silent,ask_instructor,You should check with your course leader what is permitted on your course and what guidance they have on how it might be used and should be referenced.
heriot-watt,Heriot-Watt University,Scotland,heriot-watt-students-genai-202610,decided_by,institution_wide,Use of generative artificial intelligence (GAI) is permitted provided that such use is clearly identified and referenced.
heriot-watt,Heriot-Watt University,Scotland,heriot-watt-students-genai-202610,decided_by,module_or_lecturer,"If generative AI is to be used, course staff will provide clear guidance to students on how and when generative AI may be used within the course."
heriot-watt,Heriot-Watt University,Scotland,heriot-watt-students-genai-202610,contents,prompts,You should check whether your course requires you to provide copies of the prompts you used or the output generated by the AI.
heriot-watt,Heriot-Watt University,Scotland,heriot-watt-students-genai-202610,contents,outputs,You should check whether your course requires you to provide copies of the prompts you used or the output generated by the AI.
heriot-watt,Heriot-Watt University,Scotland,heriot-watt-students-genai-202610,referencing,follow_guide,You should ensure that you follow the guidance for the referencing style used on your course.
heriot-watt,Heriot-Watt University,Scotland,heriot-watt-students-genai-202610,records,recommended,Keep copies of your prompts and outputs for future reference.
heriot-watt,Heriot-Watt University,Scotland,heriot-watt-students-genai-202610,consequence,treated_as_misconduct,take very careful notes of any prompts and outputs so that you can clearly identify what work was generated by AI and you do not unintentionally plagiarise by presenting AI generated work as if it were your own.
heriot-watt,Heriot-Watt University,Scotland,heriot-watt-students-genai-202610,exempt,spellcheck_or_embedded_tools,"Generative AI spelling and grammar checking (e.g. MS Word, Grammarly) does not need to be referenced unless specifically indicated within the course."
tud,Technological University Dublin,Ireland,tud-students-genai-202610,duty,conditional,"Recording the use of GenAI in an assessment will be in accordance with assessment guidelines and disciplinary conventions, which may require addition of details of how the system was used, in text citations or a combination of both."
tud,Technological University Dublin,Ireland,tud-students-genai-202610,decided_by,tiered_scale,TU Dublin recommends the use of the Artificial Intelligence Assessment Scale in the design of assessments and for communication with students about assessments.
tud,Technological University Dublin,Ireland,tud-students-genai-202610,decided_by,module_or_lecturer,"To support academic integrity, GenAI can only be used by students in ways that are approved in advance by their lecturer."
tud,Technological University Dublin,Ireland,tud-students-genai-202610,decided_by,assessment_brief,Students are then informed of this in their assessment brief.
tud,Technological University Dublin,Ireland,tud-students-genai-202610,contents,how_used,"which may require addition of details of how the system was used, in text citations or a combination of both."
tud,Technological University Dublin,Ireland,tud-students-genai-202610,contents,prompts,"The details of how GenAI has been used in an assessment should be presented in line with the assessment guidelines, e.g. citations, supply of prompts used"
tud,Technological University Dublin,Ireland,tud-students-genai-202610,location,appendix,AI can be used but the original work with no AI content must be provided in the appendix.
tud,Technological University Dublin,Ireland,tud-students-genai-202610,referencing,follow_guide,The approved use of artificial intelligence systems and/or generative models are transparent and they are appropriately cited as set out in library guidelines.
tud,Technological University Dublin,Ireland,tud-students-genai-202610,exempt,spellcheck_or_embedded_tools,This includes the use of any system that amends text beyond simple spelling and grammar checks.
tud,Technological University Dublin,Ireland,tud-students-genai-202610,exempt,assignment_designed_for_ai,AI can be used throughout the assessment and the student is not required to specify which content is AI generated.
arts-plymouth,Arts University Plymouth,England,arts-plymouth-students-genai-202610,duty,conditional,Students can use generative AI as a tool for idea generation (ideation) and assisted creation of work when this is clearly credited and rationalised.
arts-plymouth,Arts University Plymouth,England,arts-plymouth-students-genai-202610,decided_by,institution_wide,This approach allows our students to use or experiment with generative AI provided they do so within the guidelines of our academic policy and as stated within the Academic Misconduct Policy.
arts-plymouth,Arts University Plymouth,England,arts-plymouth-students-genai-202610,contents,why_used,when this is clearly credited and rationalised.
arts-plymouth,Arts University Plymouth,England,arts-plymouth-students-genai-202610,referencing,follow_guide,"to support acknowledging, citing and referencing the use of generative AI within work."
herts,University of Hertfordshire,England,herts-students-genai-202610,duty,always_required,"If you use AI in an assessment, you must disclose your use in line with the requirements of your assessment brief."
herts,University of Hertfordshire,England,herts-students-genai-202610,decided_by,tiered_scale,Your assessments will fall into one of the following three categories.
herts,University of Hertfordshire,England,herts-students-genai-202610,decided_by,assessment_brief,Each assessment brief will state clearly which one of the categories applies.
herts,University of Hertfordshire,England,herts-students-genai-202610,decided_by,module_or_lecturer,"if you have any doubts as to the extent to which genAI use may be allowed in an assessment, please always speak to the module leader."
huddersfield,University of Huddersfield,England,huddersfield-students-genai-202610,duty,always_required,"Our general principle is that the work you hand in must be your own, and where it is acceptable to make use of AI, you need to acknowledge this."
huddersfield,University of Huddersfield,England,huddersfield-students-genai-202610,decided_by,assessment_brief,You should expect to see clear statements in assignment briefs about whether using AI is acceptable.
huddersfield,University of Huddersfield,England,huddersfield-students-genai-202610,referencing,follow_guide,"If your subject uses a referencing system which does not specify how to reference AI, follow the format for citing a personal communication."
coventry,Coventry University,England,coventry-students-genai-202610,duty,always_required,You are also required to acknowledge where and how you have used generative AI in an assignment
coventry,Coventry University,England,coventry-students-genai-202610,decided_by,assessment_brief,Your assignment briefs will state if you are allowed to use AI and what types of use are permissible.
coventry,Coventry University,England,coventry-students-genai-202610,contents,how_used,You are also required to acknowledge where and how you have used generative AI in an assignment
coventry,Coventry University,England,coventry-students-genai-202610,contents,prompts,The prompts used and the AI output
coventry,Coventry University,England,coventry-students-genai-202610,contents,outputs,The prompts used and the AI output
coventry,Coventry University,England,coventry-students-genai-202610,records,required,"When permitted to use AI, it is your responsibility to keep a record of the prompts used, and drafts of your work to evidence that the final submission is your own work."
maynooth,Maynooth University,Ireland,maynooth-ug-ptm-genai-guidelines-202610,duty,always_required,"All use of GenAI should be acknowledged in academic work, including citations and referencing where appropriate and according to departmental handbooks."
maynooth,Maynooth University,Ireland,maynooth-ug-ptm-genai-guidelines-202610,default_when_silent,prohibit_all,IF IT IS NOT CLEARLY INDICATED BY TEACHING STAFF AND/OR DEPARTMENT GUIDELINES – NO GENAI IS PERMITTED.
maynooth,Maynooth University,Ireland,maynooth-ug-ptm-genai-guidelines-202610,decided_by,assessment_brief,Acceptable GenAI use will be outlined in written guidelines in module and assignment descriptions.
maynooth,Maynooth University,Ireland,maynooth-ug-ptm-genai-guidelines-202610,decided_by,module_or_lecturer,"Always refer to module and assignment documentation, where acceptable types of use will be prescribed."
maynooth,Maynooth University,Ireland,maynooth-ug-ptm-genai-guidelines-202610,decided_by,school_or_department,IF IT IS NOT CLEARLY INDICATED BY TEACHING STAFF AND/OR DEPARTMENT GUIDELINES – NO GENAI IS PERMITTED.
maynooth,Maynooth University,Ireland,maynooth-ug-ptm-genai-guidelines-202610,decided_by,tiered_scale,The following table outlines the various acceptable GenAI uses within Maynooth University assessments.
maynooth,Maynooth University,Ireland,maynooth-ug-ptm-genai-guidelines-202610,contents,prompts,Students must provide a list of prompts.
maynooth,Maynooth University,Ireland,maynooth-ug-ptm-genai-guidelines-202610,contents,outputs,A full list of prompts and GenAI outputs should also be included as an appendix.
maynooth,Maynooth University,Ireland,maynooth-ug-ptm-genai-guidelines-202610,location,coversheet_or_form,The student declaration of use will be attached to every assignment submission sheet.
maynooth,Maynooth University,Ireland,maynooth-ug-ptm-genai-guidelines-202610,location,appendix,A full list of prompts and GenAI outputs should also be included as an appendix.
maynooth,Maynooth University,Ireland,maynooth-ug-ptm-genai-guidelines-202610,referencing,follow_guide,"All use of GenAI should be acknowledged in academic work, including citations and referencing where appropriate and according to departmental handbooks."
sussex,University of Sussex,England,sussex-students-genai-202610,duty,conditional,"If your module or tutor has given you explicit permission to use AI, you should include an acknowledgement in your work."
sussex,University of Sussex,England,sussex-students-genai-202610,default_when_silent,prohibit_all,You should only use generative AI if your School has explicitly allowed it for a specific module or assessment.
sussex,University of Sussex,England,sussex-students-genai-202610,decided_by,school_or_department,You should only use generative AI if your School has explicitly allowed it for a specific module or assessment.
sussex,University of Sussex,England,sussex-students-genai-202610,decided_by,assessment_brief,"If the use of generative AI is allowed for a particular module or assessment, this will be stated clearly in your assessment guidance."
sussex,University of Sussex,England,sussex-students-genai-202610,decided_by,module_or_lecturer,"If you are unsure what is allowed, check with your module convenor."
sussex,University of Sussex,England,sussex-students-genai-202610,decided_by,tiered_scale,Your assessment guidance will contain one of the following statements:
sussex,University of Sussex,England,sussex-students-genai-202610,contents,tool_name,I acknowledge the use of [1. insert AI system(s) and link] on [date] to [2.specific use of generative artificial intelligence].
sussex,University of Sussex,England,sussex-students-genai-202610,contents,date_accessed,I acknowledge the use of [1. insert AI system(s) and link] on [date] to [2.specific use of generative artificial intelligence].
sussex,University of Sussex,England,sussex-students-genai-202610,contents,how_used,The output from these prompts was used to [4. explain use].
sussex,University of Sussex,England,sussex-students-genai-202610,contents,prompts,The prompts used include [3. list of prompts].
sussex,University of Sussex,England,sussex-students-genai-202610,location,statement_in_work,you should include an acknowledgement in your work.
sussex,University of Sussex,England,sussex-students-genai-202610,referencing,follow_guide,You should follow the guidance provided by your module and the referencing style used in your subject when acknowledging or citing AI use.
sussex,University of Sussex,England,sussex-students-genai-202610,records,required,"you must keep a record of the prompts you used, the outputs generated, and how those outputs informed your work."
sussex,University of Sussex,England,sussex-students-genai-202610,consequence,treated_as_misconduct,"Using AI in an assessment where it is not permitted, or submitting AI-generated work without the required acknowledgement, is academic misconduct under the University’s policy on the misuse of digital technologies."
hull,University of Hull,England,hull-students-genai-202610,duty,always_required,"Using AI is like using any other source—if you don’t acknowledge it, it’s plagiarism."
hull,University of Hull,England,hull-students-genai-202610,default_when_silent,use_by_use_rule,"Unless specified otherwise, you can use AI to:"
hull,University of Hull,England,hull-students-genai-202610,decided_by,module_or_lecturer,"If you’re thinking about using AI tools for your assessments, check with your module leader and the assessment brief to see if it’s appropriate for that specific task."
hull,University of Hull,England,hull-students-genai-202610,decided_by,assessment_brief,"If you’re thinking about using AI tools for your assessments, check with your module leader and the assessment brief to see if it’s appropriate for that specific task."
hull,University of Hull,England,hull-students-genai-202610,contents,prompts,You might need to make a general statement about your AI use or include details of the prompts you used.
hull,University of Hull,England,hull-students-genai-202610,location,statement_in_work,You might need to make a general statement about your AI use or include details of the prompts you used.
hull,University of Hull,England,hull-students-genai-202610,referencing,follow_guide,"If you’ve been given permission to include AI-generated content in your work, the University’s AI SkillsGuide provides instructions on how to reference it."
hull,University of Hull,England,hull-students-genai-202610,consequence,treated_as_misconduct,"Using AI is like using any other source—if you don’t acknowledge it, it’s plagiarism."
liverpool-hope,Liverpool Hope University,England,liverpool-hope-students-genai-202610,duty,always_required,Assignments produced wholly or partly using AI tools and submitted as your own work without acknowledgement will be treated as academic misconduct.
liverpool-hope,Liverpool Hope University,England,liverpool-hope-students-genai-202610,decided_by,module_or_lecturer,Your tutors will provide clear guidance on whether AI tools can or cannot be used in a particular assignment.
liverpool-hope,Liverpool Hope University,England,liverpool-hope-students-genai-202610,decided_by,institution_wide,The University does not have a blanket restriction on the use of AI tools but does expect the fundamental principle that all work you submit must be your own.
liverpool-hope,Liverpool Hope University,England,liverpool-hope-students-genai-202610,contents,tool_name,"You should include the details of the AI tool used, how you have used it and your search prompts."
liverpool-hope,Liverpool Hope University,England,liverpool-hope-students-genai-202610,contents,how_used,"You should include the details of the AI tool used, how you have used it and your search prompts."
liverpool-hope,Liverpool Hope University,England,liverpool-hope-students-genai-202610,contents,prompts,"You should include the details of the AI tool used, how you have used it and your search prompts."
liverpool-hope,Liverpool Hope University,England,liverpool-hope-students-genai-202610,location,coversheet_or_form,The Use of Generative AI Tools Declaration Form can be attached to your assignment to show when you have used a generative AI tool.
liverpool-hope,Liverpool Hope University,England,liverpool-hope-students-genai-202610,referencing,follow_guide,"The Library team has produced a Referencing Generative AI (GenAI) sources in your work guide, which highlights how to reference using the referencing styles in use across the University."
liverpool-hope,Liverpool Hope University,England,liverpool-hope-students-genai-202610,consequence,treated_as_misconduct,Assignments produced wholly or partly using AI tools and submitted as your own work without acknowledgement will be treated as academic misconduct.
aberystwyth,Aberystwyth University,Wales,aberystwyth-students-genai-202610,duty,conditional,Your department might ask you to use a Generative AI Tool use statement or tool acknowledgement statement for your assignments.
aberystwyth,Aberystwyth University,Wales,aberystwyth-students-genai-202610,default_when_silent,ask_instructor,"If you are unsure whether the use of AI is permitted for a particular assignment or aspect of your studies, you should seek guidance from your academic tutor."
aberystwyth,Aberystwyth University,Wales,aberystwyth-students-genai-202610,decided_by,school_or_department,Your department might have its own local Generative AI guidance which you must follow.
aberystwyth,Aberystwyth University,Wales,aberystwyth-students-genai-202610,decided_by,module_or_lecturer,"If you have any questions about the acceptable use of Generative AI in your work or assessments, please speak to your lecturer or module co-ordinator."
aberystwyth,Aberystwyth University,Wales,aberystwyth-students-genai-202610,decided_by,assessment_brief,Each assessment should include a statement on the acceptable level of Generative AI use.
aberystwyth,Aberystwyth University,Wales,aberystwyth-students-genai-202610,contents,learning_reflection,This allows you to reflect on how you have used Generative AI in the construction of your assignment.
exeter,University of Exeter,England,exeter-students-assessment-202610,duty,conditional,clarifies that using AI-generated content should be acknowledged in the same way as that taken from human authors.
exeter,University of Exeter,England,exeter-students-assessment-202610,default_when_silent,ask_instructor,If you are not sure what is expected for a particular assessment after reading your assessment brief and all of the information on this page
exeter,University of Exeter,England,exeter-students-assessment-202610,decided_by,tiered_scale,The University of Exeter follows a four-tier approach
exeter,University of Exeter,England,exeter-students-assessment-202610,decided_by,assessment_brief,Your assessment brief will include an explanation of how AI should (and should not) be used and a checklist of purposes for AI use.
exeter,University of Exeter,England,exeter-students-assessment-202610,decided_by,module_or_lecturer,please speak to your module lead before you complete the assessment.
exeter,University of Exeter,England,exeter-students-assessment-202610,contents,prompts,"You must include GenAI prompts and, where possible, hyperlinks to their output as part of your submission."
exeter,University of Exeter,England,exeter-students-assessment-202610,contents,outputs,"You must include GenAI prompts and, where possible, hyperlinks to their output as part of your submission."
exeter,University of Exeter,England,exeter-students-assessment-202610,referencing,follow_guide,GenAI tools should not be used to generate content which is included in an assessment without following guidance on acknowledging and referencing GenAI
exeter,University of Exeter,England,exeter-students-assessment-202610,records,required,"If hyperlinks are not produced through the tools you use, save the AI-generated output in a document that you can easily access later"
exeter,University of Exeter,England,exeter-students-assessment-202610,consequence,treated_as_misconduct,This would be an offence under the University’s
mary-immaculate,Mary Immaculate College,Ireland,mary-immaculate-students-genai-202610,duty,conditional,"Students are bound by the principles of academic integrity to ensure that all writing, ideas, or works quoted or paraphrased in an academic assignment must be attributed and acknowledged to the original source through proper citation. This includes content produced by GenAI."
mary-immaculate,Mary Immaculate College,Ireland,mary-immaculate-students-genai-202610,default_when_silent,ask_instructor,"If you are not sure what you are allowed to use, you should speak to your lecturer to ask."
mary-immaculate,Mary Immaculate College,Ireland,mary-immaculate-students-genai-202610,decided_by,institution_wide,"There is currently no policy in the College that prohibits students from using generative artificial intelligence (GenAI), if its use aligns with the values of academic integrity."
mary-immaculate,Mary Immaculate College,Ireland,mary-immaculate-students-genai-202610,decided_by,module_or_lecturer,"Permitted use may vary from module to module and discipline to discipline, depending on the learning objectives that need to be met."
mary-immaculate,Mary Immaculate College,Ireland,mary-immaculate-students-genai-202610,decided_by,school_or_department,"Permitted use may vary from module to module and discipline to discipline, depending on the learning objectives that need to be met."
mary-immaculate,Mary Immaculate College,Ireland,mary-immaculate-students-genai-202610,referencing,cite_in_reference_list,This is why it is very important that we cite the Generative AI we use and make sure that any content that is used verbatim is put within quotation marks and referenced.
mary-immaculate,Mary Immaculate College,Ireland,mary-immaculate-students-genai-202610,consequence,safe_if_declared,Students cannot be penalised for academic misconduct when appropriately citing the use of GenAI.
birmingham,University of Birmingham,England,birmingham-students-genai-202610,duty,conditional,"Where the use of Generative AI tools is allowed, the assessment specification should also specify how use should be acknowledged."
birmingham,University of Birmingham,England,birmingham-students-genai-202610,default_when_silent,prohibit_all,"The Code of Practice stipulates that you cannot use the output of Generative AI (i.e., the content it creates) in any assessment, unless explicitly authorised."
birmingham,University of Birmingham,England,birmingham-students-genai-202610,decided_by,institution_wide,"The Code of Practice stipulates that you cannot use the output of Generative AI (i.e., the content it creates) in any assessment, unless explicitly authorised."
birmingham,University of Birmingham,England,birmingham-students-genai-202610,decided_by,school_or_department,Be assured that your School will give you all the guidance you need about when Generative AI tools can and cannot be used in academic work.
birmingham,University of Birmingham,England,birmingham-students-genai-202610,decided_by,module_or_lecturer,It is important to check that your particular use of Generative AI in assessment is permitted by your module lead.
birmingham,University of Birmingham,England,birmingham-students-genai-202610,decided_by,assessment_brief,"Where the use of Generative AI tools is allowed, the assessment specification should also specify how use should be acknowledged."
birmingham,University of Birmingham,England,birmingham-students-genai-202610,contents,prompts,"Sharing prompts used, the outputs produced, or the modifications made because of using the tools."
birmingham,University of Birmingham,England,birmingham-students-genai-202610,contents,outputs,"Sharing prompts used, the outputs produced, or the modifications made because of using the tools."
birmingham,University of Birmingham,England,birmingham-students-genai-202610,contents,learning_reflection,A reflective component detailing how Generative AI has been used and the experience of engaging with it.
birmingham,University of Birmingham,England,birmingham-students-genai-202610,contents,how_used,A reflective component detailing how Generative AI has been used and the experience of engaging with it.
birmingham,University of Birmingham,England,birmingham-students-genai-202610,location,coversheet_or_form,"For PGR theses, this use must be declared using the ‘third party editor declaration’ form."
birmingham,University of Birmingham,England,birmingham-students-genai-202610,location,statement_in_work,a pre-defined statement that indicates whether you have used Generative AI tools.
birmingham,University of Birmingham,England,birmingham-students-genai-202610,referencing,follow_guide,Using appropriate referencing as outlined in Cite them Right Online (Institutional login required).
birmingham,University of Birmingham,England,birmingham-students-genai-202610,consequence,treated_as_misconduct,"the misuse of Generative AI tools in assessment, such as improper referencing or non-acknowledgement of use, will be dealt with in-line with this Code of Practice."
birmingham,University of Birmingham,England,birmingham-students-genai-202610,exempt,learning_aid_use,"You are permitted to use these tools in this context, as long as you do not submit the actual AI-generated output as your own work for assessment."
bishop-grosseteste,Bishop Grosseteste University,England,bishop-grosseteste-students-genai-202610,default_when_silent,use_by_use_rule,"Drawing down text in whole or part from Artificial Intelligence (AI) that is more substantial than grammar, spelling and punctuation checks of your original work is not permitted unless specified within the assignment brief."
bishop-grosseteste,Bishop Grosseteste University,England,bishop-grosseteste-students-genai-202610,decided_by,assessment_brief,not permitted unless specified within the assignment brief.
manchester,University of Manchester,England,manchester-students-genai-202610,duty,always_required,"Within assessed work, students’ failure to document use of Generative AI could be a form of plagiarism contrary to the Academic Malpractice Procedure."
manchester,University of Manchester,England,manchester-students-genai-202610,decided_by,tiered_scale,"Assessments must be assigned to one of the following AI categories, and this must be communicated to students and stated on assessment briefs, including on the Course Unit Canvas assessment information."
manchester,University of Manchester,England,manchester-students-genai-202610,decided_by,assessment_brief,The assessment information must set out what is acceptable AI use.
manchester,University of Manchester,England,manchester-students-genai-202610,decided_by,module_or_lecturer,"For assessed group work, the course unit lead must state the category of the assessment and provide clear information to students about how to approach AI use as a group before beginning the activity."
manchester,University of Manchester,England,manchester-students-genai-202610,consequence,treated_as_misconduct,"Within assessed work, students’ failure to document use of Generative AI could be a form of plagiarism contrary to the Academic Malpractice Procedure."
royal-agricultural,Royal Agricultural University,England,royal-agricultural-students-genai-202610,duty,always_required,On the cover sheet they are asked to complete two declarations:
royal-agricultural,Royal Agricultural University,England,royal-agricultural-students-genai-202610,contents,prompts,provided the original text prompts in an appendix.
royal-agricultural,Royal Agricultural University,England,royal-agricultural-students-genai-202610,location,coversheet_or_form,Students are required to complete an Assessment Cover Sheet (available on Gateway) when submitting their work.
royal-agricultural,Royal Agricultural University,England,royal-agricultural-students-genai-202610,location,appendix,provided the original text prompts in an appendix.
royal-agricultural,Royal Agricultural University,England,royal-agricultural-students-genai-202610,referencing,cite_in_reference_list,I have fully referenced this in APA7
birmingham-city,Birmingham City University,England,birmingham-city-students-genai-202610,default_when_silent,ask_instructor,"If you are not sure, please check with your module tutor."
birmingham-city,Birmingham City University,England,birmingham-city-students-genai-202610,decided_by,assessment_brief,Your assessment or exam brief will explain the AI usage level for that specific task
birmingham-city,Birmingham City University,England,birmingham-city-students-genai-202610,decided_by,tiered_scale,Option A – AI use allowed with conditions; Option B – AI not allowed; or Option C – AI required
cambridge,University of Cambridge,England,cambridge-staff-assessment-202610,duty,conditional,"A student using any unacknowledged content generated by artificial intelligence within a summative assessment as though it is their own work constitutes academic misconduct, unless explicitly stated otherwise in the assessment brief."
cambridge,University of Cambridge,England,cambridge-staff-assessment-202610,default_when_silent,misconduct_only_if_unacknowledged,"A student using any unacknowledged content generated by artificial intelligence within a summative assessment as though it is their own work constitutes academic misconduct, unless explicitly stated otherwise in the assessment brief."
cambridge,University of Cambridge,England,cambridge-staff-assessment-202610,decided_by,assessment_brief,unless explicitly stated otherwise in the assessment brief.
cambridge,University of Cambridge,England,cambridge-staff-assessment-202610,decided_by,school_or_department,students should always review local guidance from their department or faculty as well as information in the assignment itself.
cambridge,University of Cambridge,England,cambridge-staff-assessment-202610,consequence,treated_as_misconduct,"A student using any unacknowledged content generated by artificial intelligence within a summative assessment as though it is their own work constitutes academic misconduct, unless explicitly stated otherwise in the assessment brief."
regents-london,Regent's University London,England,regents-london-students-genai-202610,duty,always_required,"where you have used this, it must be appropriately referenced."
regents-london,Regent's University London,England,regents-london-students-genai-202610,decided_by,assessment_brief,How you can use AI tools in your work will be described in your assessment brief
regents-london,Regent's University London,England,regents-london-students-genai-202610,consequence,treated_as_misconduct,"Unauthorised use of artificial intelligence (AI) tools. How you can use AI tools in your work will be described in your assessment brief and where you have used this, it must be appropriately referenced."
ucc,University College Cork,Ireland,ucc-students-genai-202610,duty,recommended,This means that use of GenAI should be acknowledged and made transparent.
ucc,University College Cork,Ireland,ucc-students-genai-202610,decided_by,module_or_lecturer,"It is possible that these may vary from module to module for students, so it is important that expectations are made clear in each module and that students are aware of these."
ucc,University College Cork,Ireland,ucc-students-genai-202610,decided_by,assessment_brief,"This can take the form of a GenAI Statement that you include in your course syllabus, in Canvas, and/or in assignment briefs."
ucc,University College Cork,Ireland,ucc-students-genai-202610,decided_by,school_or_department,What is considered appropriate use of GenAI can vary across disciplines or even from module to module as this may be dependent on learning outcomes and what is being evaluated in a particular assessment.
ucc,University College Cork,Ireland,ucc-students-genai-202610,contents,tool_name,What GenAI tool(s) and version were used
ucc,University College Cork,Ireland,ucc-students-genai-202610,contents,tool_version,What GenAI tool(s) and version were used
ucc,University College Cork,Ireland,ucc-students-genai-202610,contents,how_used,"How these were used (detailing how they were engaged with, how their output was integrated into the work or what impact it had on the work)"
ucc,University College Cork,Ireland,ucc-students-genai-202610,contents,prompts,"This acknowledgement may take the form of a statement that details how a GenAI tool was used (potentially including information on the prompting process, screenshots of output, or a link to the conversation thread)."
ucc,University College Cork,Ireland,ucc-students-genai-202610,contents,outputs,"This acknowledgement may take the form of a statement that details how a GenAI tool was used (potentially including information on the prompting process, screenshots of output, or a link to the conversation thread)."
ucc,University College Cork,Ireland,ucc-students-genai-202610,contents,own_contribution,"Acknowledgement that the author has reviewed and evaluated all AI-generated content and confirmed that it accurately reflects their understanding and intended meaning, along with acceptance of responsibility for the content and its accuracy."
ucc,University College Cork,Ireland,ucc-students-genai-202610,location,statement_in_work,This acknowledgement may take the form of a statement that details how a GenAI tool was used
cumbria,University of Cumbria,England,cumbria-students-genai-202610,duty,recommended,Students should be transparent about any use of AI or translation tools and are strongly advised to consult tutors before using them.
cumbria,University of Cumbria,England,cumbria-students-genai-202610,decided_by,assessment_brief,There may be legitimate uses of generative AI in your subject area that are outlined on your module assessment brief or that you can discuss with your tutors.
cumbria,University of Cumbria,England,cumbria-students-genai-202610,decided_by,module_or_lecturer,"Any use of translation tools in UK universities is typically determined by tutors, course leaders, or supervisors and will depend on the nature of the programme of study."
cumbria,University of Cumbria,England,cumbria-students-genai-202610,referencing,follow_guide,Guidance on how to cite and reference legitimate uses of generative AI has been updated in the 13th edition of Cite them right and is now available via print versions of Cite them Right or Cite them Right online.
cumbria,University of Cumbria,England,cumbria-students-genai-202610,consequence,treated_as_misconduct,"Using GenAI to generate work that is submitted for assessment without any acknowledgement and against any directives from tutors, is a form of malpractice."
d-n-laoghaire-institute-art-design-and-technology,"Dún Laoghaire Institute of Art, Design and Technology",Ireland,d-n-laoghaire-institute-art-design-and-technology-students-genai-202610,duty,always_required,"When these (or any other tools) are utilised for the creation of academic work, they must be acknowledged and documented."
d-n-laoghaire-institute-art-design-and-technology,"Dún Laoghaire Institute of Art, Design and Technology",Ireland,d-n-laoghaire-institute-art-design-and-technology-students-genai-202610,decided_by,school_or_department,"will be decided by the Faculty, Department, Programme Teams, and lecturers in IADT"
d-n-laoghaire-institute-art-design-and-technology,"Dún Laoghaire Institute of Art, Design and Technology",Ireland,d-n-laoghaire-institute-art-design-and-technology-students-genai-202610,decided_by,module_or_lecturer,"will be decided by the Faculty, Department, Programme Teams, and lecturers in IADT"
d-n-laoghaire-institute-art-design-and-technology,"Dún Laoghaire Institute of Art, Design and Technology",Ireland,d-n-laoghaire-institute-art-design-and-technology-students-genai-202610,contents,tool_name,"This may include citing the specific tool (and version) used, along with additional content such as prompts used and the process followed."
d-n-laoghaire-institute-art-design-and-technology,"Dún Laoghaire Institute of Art, Design and Technology",Ireland,d-n-laoghaire-institute-art-design-and-technology-students-genai-202610,contents,tool_version,"This may include citing the specific tool (and version) used, along with additional content such as prompts used and the process followed."
d-n-laoghaire-institute-art-design-and-technology,"Dún Laoghaire Institute of Art, Design and Technology",Ireland,d-n-laoghaire-institute-art-design-and-technology-students-genai-202610,contents,prompts,"This may include citing the specific tool (and version) used, along with additional content such as prompts used and the process followed."
d-n-laoghaire-institute-art-design-and-technology,"Dún Laoghaire Institute of Art, Design and Technology",Ireland,d-n-laoghaire-institute-art-design-and-technology-students-genai-202610,contents,how_used,"This may include citing the specific tool (and version) used, along with additional content such as prompts used and the process followed."
d-n-laoghaire-institute-art-design-and-technology,"Dún Laoghaire Institute of Art, Design and Technology",Ireland,d-n-laoghaire-institute-art-design-and-technology-students-genai-202610,referencing,cite_in_reference_list,The output of GenAI tools is classed as a source and requires citation as referred to in the tables below
d-n-laoghaire-institute-art-design-and-technology,"Dún Laoghaire Institute of Art, Design and Technology",Ireland,d-n-laoghaire-institute-art-design-and-technology-students-genai-202610,records,recommended,Students are advised to document the process of their work and how they arrived at the outputs submitted.
d-n-laoghaire-institute-art-design-and-technology,"Dún Laoghaire Institute of Art, Design and Technology",Ireland,d-n-laoghaire-institute-art-design-and-technology-students-genai-202610,consequence,treated_as_misconduct,Academic Integrity is breached if students submit the products of GenAI as their own work without acknowledgement or without authorisation to use GenAI in fulfilling the task.
kent,University of Kent,England,kent-students-genai-202610,duty,conditional,Some schools may also ask you to include a short declaration in your assessment submissions to confirm whether you have used generative AI and to what extent.
kent,University of Kent,England,kent-students-genai-202610,default_when_silent,use_by_use_rule,"Unless it is otherwise noted, you should:"
kent,University of Kent,England,kent-students-genai-202610,decided_by,module_or_lecturer,Each assignment or module may have different rules about whether AI tools can be used.
kent,University of Kent,England,kent-students-genai-202610,decided_by,assessment_brief,Always check your assignment brief or ask your Module Convenor if you're unsure.
kent,University of Kent,England,kent-students-genai-202610,decided_by,school_or_department,Some schools may also ask you to include a short declaration in your assessment submissions to confirm whether you have used generative AI and to what extent.
kent,University of Kent,England,kent-students-genai-202610,contents,extent_or_scope,to confirm whether you have used generative AI and to what extent.
kent,University of Kent,England,kent-students-genai-202610,location,statement_in_work,Some schools may also ask you to include a short declaration in your assessment submissions
lancashire,University of Lancashire,England,lancashire-students-genai-202610,duty,always_required,Acknowledge any use of GenAI in their work with appropriate referencing.
lancashire,University of Lancashire,England,lancashire-students-genai-202610,decided_by,assessment_brief,"Failing to follow specific instructions relating to the use of AI within the assessment brief, except for documented inclusive support adjustments."
lancashire,University of Lancashire,England,lancashire-students-genai-202610,decided_by,module_or_lecturer,"If a student is in any doubt about what is considered acceptable usage of AI within a particular assessment, they should seek guidance from their module leader."
lancashire,University of Lancashire,England,lancashire-students-genai-202610,contents,prompts,"Record how GenAI tools have been used by including screenshots of examples of the prompts used, and the output generated in your assignment coversheet."
lancashire,University of Lancashire,England,lancashire-students-genai-202610,contents,outputs,"Record how GenAI tools have been used by including screenshots of examples of the prompts used, and the output generated in your assignment coversheet."
lancashire,University of Lancashire,England,lancashire-students-genai-202610,location,coversheet_or_form,"Record how GenAI tools have been used by including screenshots of examples of the prompts used, and the output generated in your assignment coversheet."
lancashire,University of Lancashire,England,lancashire-students-genai-202610,records,recommended,Keep drafts of work to evidence their thinking and the development of their submission.
lancashire,University of Lancashire,England,lancashire-students-genai-202610,consequence,treated_as_misconduct,Failing to acknowledge/reference any permitted use of AI within an assessment.
glasgow,University of Glasgow,Scotland,glasgow-student-genai-guidance-202610,duty,always_required,"If you make use of AI at any point in your research or writing process, you must acknowledge the use of that tool as you would any other piece of evidence or material in your submission."
glasgow,University of Glasgow,Scotland,glasgow-student-genai-guidance-202610,default_when_silent,differs_by_assessment_type,"If your course documentation says nothing about GenAI, this default applies."
glasgow,University of Glasgow,Scotland,glasgow-student-genai-guidance-202610,decided_by,assessment_brief,"Your course can set additional limits, and those take precedence – so always read your assessment brief."
glasgow,University of Glasgow,Scotland,glasgow-student-genai-guidance-202610,decided_by,module_or_lecturer,"course co-ordinators can still indicate, on an assessment-by-assessment basis, any limitations on the use of AI"
glasgow,University of Glasgow,Scotland,glasgow-student-genai-guidance-202610,contents,tool_name,Name of tool used
glasgow,University of Glasgow,Scotland,glasgow-student-genai-guidance-202610,contents,tool_version,Version and publisher
glasgow,University of Glasgow,Scotland,glasgow-student-genai-guidance-202610,contents,how_used,How it was used
glasgow,University of Glasgow,Scotland,glasgow-student-genai-guidance-202610,contents,own_contribution,Your original work
glasgow,University of Glasgow,Scotland,glasgow-student-genai-guidance-202610,location,statement_in_work,"When you’ve used Gen AI, you should include a statement to make this clear to your marker."
glasgow,University of Glasgow,Scotland,glasgow-student-genai-guidance-202610,referencing,follow_guide,You should visit the Library page on referencing styles and select the appropriate style to see what’s appropriate for your work.
glasgow,University of Glasgow,Scotland,glasgow-student-genai-guidance-202610,consequence,treated_as_misconduct,"using any form of AI or other computational aids in your university coursework, study, exams, or research without acknowledging that input counts as academic misconduct."
glasgow,University of Glasgow,Scotland,glasgow-student-genai-guidance-202610,exempt,revise_or_practise,Not required for preparation
institute-cancer-research,Institute of Cancer Research,England,institute-cancer-research-students-genai-202610,duty,always_required,Not disclosing third-party contributions to assessed work.
institute-cancer-research,Institute of Cancer Research,England,institute-cancer-research-students-genai-202610,consequence,treated_as_misconduct,Not disclosing third-party contributions to assessed work.
londonmet,London Metropolitan University,England,londonmet-students-genai-202610,duty,always_required,"Your assessment submissions must therefore always be entirely your own work, based on your own learning and appropriately referenced including how you have used Generative AI."
londonmet,London Metropolitan University,England,londonmet-students-genai-202610,decided_by,module_or_lecturer,For specific guidance related to your subject speak to your course leader or any member of the teaching staff.
londonmet,London Metropolitan University,England,londonmet-students-genai-202610,decided_by,assessment_brief,The exception will be for tasks where the extensive and critical use of a specific AI tool is part of the assessment brief.
londonmet,London Metropolitan University,England,londonmet-students-genai-202610,consequence,treated_as_misconduct,The University regards the use of Generative AI applications by students to deceive to gain unfair advantage as academic misconduct.
londonmet,London Metropolitan University,England,londonmet-students-genai-202610,exempt,assignment_designed_for_ai,The exception will be for tasks where the extensive and critical use of a specific AI tool is part of the assessment brief.
wales-trinity-saint-david,University of Wales Trinity Saint David,Wales,wales-trinity-saint-david-students-genai-202610,duty,always_required,You are expected to use this acknowledgement format for all allowable uses of AI.
wales-trinity-saint-david,University of Wales Trinity Saint David,Wales,wales-trinity-saint-david-students-genai-202610,default_when_silent,use_by_use_rule,"This document should serve as a default position, which lecturers may supersede."
wales-trinity-saint-david,University of Wales Trinity Saint David,Wales,wales-trinity-saint-david-students-genai-202610,decided_by,module_or_lecturer,"Considering the options below, and what is best for the learners and assessment in the module, the module leader will identify the appropriate use(s) of AI in each assessment."
wales-trinity-saint-david,University of Wales Trinity Saint David,Wales,wales-trinity-saint-david-students-genai-202610,decided_by,assessment_brief,Every assessment specification identifies the allowable use of AI in that assessment.
wales-trinity-saint-david,University of Wales Trinity Saint David,Wales,wales-trinity-saint-david-students-genai-202610,decided_by,tiered_scale,Every module leader should consider what is the right level of Generative AI support for the specific assessment.
wales-trinity-saint-david,University of Wales Trinity Saint David,Wales,wales-trinity-saint-david-students-genai-202610,decided_by,institution_wide,The uses below are allowed across all modules and assessments.
wales-trinity-saint-david,University of Wales Trinity Saint David,Wales,wales-trinity-saint-david-students-genai-202610,contents,tool_name,I acknowledge the use of [AI Tool] [(AI Tool url)] on [Date] to [Purpose my work]. I used the prompt(s):
wales-trinity-saint-david,University of Wales Trinity Saint David,Wales,wales-trinity-saint-david-students-genai-202610,contents,date_accessed,I acknowledge the use of [AI Tool] [(AI Tool url)] on [Date] to [Purpose my work]. I used the prompt(s):
wales-trinity-saint-david,University of Wales Trinity Saint David,Wales,wales-trinity-saint-david-students-genai-202610,contents,why_used,I acknowledge the use of [AI Tool] [(AI Tool url)] on [Date] to [Purpose my work]. I used the prompt(s):
wales-trinity-saint-david,University of Wales Trinity Saint David,Wales,wales-trinity-saint-david-students-genai-202610,contents,prompts,I acknowledge the use of [AI Tool] [(AI Tool url)] on [Date] to [Purpose my work]. I used the prompt(s):
wales-trinity-saint-david,University of Wales Trinity Saint David,Wales,wales-trinity-saint-david-students-genai-202610,contents,own_contribution,I confirm that I have not presented any AI generated text as my own work.
wales-trinity-saint-david,University of Wales Trinity Saint David,Wales,wales-trinity-saint-david-students-genai-202610,contents,how_used,"you must be specific about what was produced by the AI, what changes you made to it, and what you wrote yourself."
wales-trinity-saint-david,University of Wales Trinity Saint David,Wales,wales-trinity-saint-david-students-genai-202610,contents,extent_or_scope,"you must be specific about what was produced by the AI, what changes you made to it, and what you wrote yourself."
wales-trinity-saint-david,University of Wales Trinity Saint David,Wales,wales-trinity-saint-david-students-genai-202610,location,statement_in_work,You are expected to include this acknowledgement in a separate page at the beginning of your submission.
wales-trinity-saint-david,University of Wales Trinity Saint David,Wales,wales-trinity-saint-david-students-genai-202610,records,required,"Important: Students are expected to keep drafts of their work, including notes, etc., before and after the use of any AI tool."
wales-trinity-saint-david,University of Wales Trinity Saint David,Wales,wales-trinity-saint-david-students-genai-202610,consequence,treated_as_misconduct,"The use of AI generated outcomes that are not identified as such, is academic misconduct."
wales-trinity-saint-david,University of Wales Trinity Saint David,Wales,wales-trinity-saint-david-students-genai-202610,exempt,incidental_or_minimal_use,You do not need to cite this use when using these tools to make minor modifications to your own images.
bath,University of Bath,England,bath-students-genai-202610,decided_by,module_or_lecturer,"If you are unsure about using AI tools for your work, please talk to your lecturer or tutor to check their expectations."
bradford,University of Bradford,England,bradford-students-genai-202610,decided_by,assessment_brief,Using generative AI tools outside the given parameters of the assessment brief without acknowledgement or attribution.
bradford,University of Bradford,England,bradford-students-genai-202610,consequence,treated_as_misconduct,Using generative AI tools outside the given parameters of the assessment brief without acknowledgement or attribution.
ul,University of Limerick,Ireland,ul-students-genai-202610,duty,recommended,"It is recommended that students include acknowledgements section in your assignment outlining clearly how you used Gen AI, describing the instructions or prompts you gave the AI platform, the results generated and how they contributed to your work."
ul,University of Limerick,Ireland,ul-students-genai-202610,decided_by,school_or_department,"Further requirements may be stipulated by a Department, academic programme, or individual teaching staff. These should be made clear within the assignment brief."
ul,University of Limerick,Ireland,ul-students-genai-202610,decided_by,module_or_lecturer,"Further requirements may be stipulated by a Department, academic programme, or individual teaching staff. These should be made clear within the assignment brief."
ul,University of Limerick,Ireland,ul-students-genai-202610,decided_by,assessment_brief,"Further requirements may be stipulated by a Department, academic programme, or individual teaching staff. These should be made clear within the assignment brief."
ul,University of Limerick,Ireland,ul-students-genai-202610,contents,how_used,outlining clearly how you used Gen AI
ul,University of Limerick,Ireland,ul-students-genai-202610,contents,prompts,describing the instructions or prompts you gave the AI platform
ul,University of Limerick,Ireland,ul-students-genai-202610,contents,outputs,the results generated
ul,University of Limerick,Ireland,ul-students-genai-202610,contents,own_contribution,how they contributed to your work
ul,University of Limerick,Ireland,ul-students-genai-202610,location,statement_in_work,It is recommended that students include acknowledgements section in your assignment
ul,University of Limerick,Ireland,ul-students-genai-202610,location,coversheet_or_form,We have also created a sample checklist that could be used by students and submitted as part of their assignments.
chester,University of Chester,England,chester-students-genai-202610,duty,always_required,"If you do use an artificial intelligence tool, you must clearly show which parts of your work have been created by using it and you must describe how you have used the tool."
chester,University of Chester,England,chester-students-genai-202610,default_when_silent,prohibit_all,You should only use an artificial intelligence tool to support you in the preparation of work for assessment where your tutors have indicated that its use might be helpful or where it is part of the assessment brief.
chester,University of Chester,England,chester-students-genai-202610,decided_by,module_or_lecturer,where your tutors have indicated that its use might be helpful
chester,University of Chester,England,chester-students-genai-202610,decided_by,assessment_brief,where it is part of the assessment brief
chester,University of Chester,England,chester-students-genai-202610,contents,how_used,you must describe how you have used the tool
chester,University of Chester,England,chester-students-genai-202610,contents,extent_or_scope,you must clearly show which parts of your work have been created by using it
chester,University of Chester,England,chester-students-genai-202610,consequence,treated_as_misconduct,"If you misuse an artificial intelligence tool or fail to declare the use of artificial intelligence in your work and you are later found to have breached the Academic Conduct Policy because of this, the penalties can be serious."
manchester-metropolitan,Manchester Metropolitan University,England,manchester-metropolitan-students-genai-202610,default_when_silent,prohibit_all,"Unless you are advised it is acceptable, don't use it."
manchester-metropolitan,Manchester Metropolitan University,England,manchester-metropolitan-students-genai-202610,decided_by,institution_wide,Our default position on the use of generative AI and broader AI tools is explained in detail in the Are you allowed to use AI in assessments? section of the pack.
manchester-metropolitan,Manchester Metropolitan University,England,manchester-metropolitan-students-genai-202610,decided_by,assessment_brief,It is critical that you only use AI as directed in the assessment brief
manchester-metropolitan,Manchester Metropolitan University,England,manchester-metropolitan-students-genai-202610,decided_by,module_or_lecturer,tutors may encourage a critical engagement with generative AI in certain settings
manchester-metropolitan,Manchester Metropolitan University,England,manchester-metropolitan-students-genai-202610,referencing,follow_guide,you should refer to the Library guidance on referencing generative AI in your assessments
manchester-metropolitan,Manchester Metropolitan University,England,manchester-metropolitan-students-genai-202610,consequence,treated_as_misconduct,"This will be investigated on a case-by-case basis under the Academic Misconduct Policy, and the penalty will depend on the severity of the case."
robert-gordon,Robert Gordon University,Scotland,robert-gordon-students-genai-202610,duty,always_required,"Any use of AI tools, including idea and content generation or helping you to plan or develop an assignment, must be acknowledged as a source."
robert-gordon,Robert Gordon University,Scotland,robert-gordon-students-genai-202610,decided_by,institution_wide,The use of generative AI within assignments must comply with RGU guidance.
robert-gordon,Robert Gordon University,Scotland,robert-gordon-students-genai-202610,decided_by,assessment_brief,It is your responsiblity to check your assignment brief and ensure that the use of AI tools is permitted within an assignment
robert-gordon,Robert Gordon University,Scotland,robert-gordon-students-genai-202610,contents,tool_name,Author. (Year). Title of Generative AI tool (Version number) [Large Language Model]. Source.
robert-gordon,Robert Gordon University,Scotland,robert-gordon-students-genai-202610,contents,tool_version,Author. (Year). Title of Generative AI tool (Version number) [Large Language Model]. Source.
robert-gordon,Robert Gordon University,Scotland,robert-gordon-students-genai-202610,location,with_references,Instructions are given below on how to reference the legitimate use of AI within assignments
robert-gordon,Robert Gordon University,Scotland,robert-gordon-students-genai-202610,referencing,cite_in_reference_list,Author. (Year). Title of Generative AI tool (Version number) [Large Language Model]. Source.
imperial,Imperial College London,England,imperial-students-genai-202610,decided_by,school_or_department,Departments may take differing views on how genAI is best applied in teaching and assessment environments.
sunderland,University of Sunderland,England,sunderland-students-genai-202610,duty,always_required,Transparency is Key: Always acknowledge the use of AI tools in your work.
sunderland,University of Sunderland,England,sunderland-students-genai-202610,decided_by,module_or_lecturer,your lecturer will specify how much or little Gen-AI use is accepted with each assignment.
sunderland,University of Sunderland,England,sunderland-students-genai-202610,decided_by,assessment_brief,your lecturer will specify how much or little Gen-AI use is accepted with each assignment.
sunderland,University of Sunderland,England,sunderland-students-genai-202610,decided_by,institution_wide,Our stand at the University of Sunderland on Gen-AI is an Assist-Not Do approach.
sunderland,University of Sunderland,England,sunderland-students-genai-202610,contents,prompts,an appendix of Gen-AI prompts and outputs
sunderland,University of Sunderland,England,sunderland-students-genai-202610,contents,outputs,an appendix of Gen-AI prompts and outputs
sunderland,University of Sunderland,England,sunderland-students-genai-202610,contents,tool_name,Provide the name of the AI
sunderland,University of Sunderland,England,sunderland-students-genai-202610,location,coversheet_or_form,this could include a signed declaration of Gen-AI usage
sunderland,University of Sunderland,England,sunderland-students-genai-202610,location,appendix,an appendix of Gen-AI prompts and outputs
sunderland,University of Sunderland,England,sunderland-students-genai-202610,location,with_references,As well as referencing this could include a signed declaration of Gen-AI usage
sunderland,University of Sunderland,England,sunderland-students-genai-202610,referencing,cite_in_reference_list,Include an in-text citation and reference.
worcester,University of Worcester,England,worcester-students-genai-202610,duty,recommended,the proper acknowledgement of the role played by GenAI tool in developing the work.
worcester,University of Worcester,England,worcester-students-genai-202610,decided_by,institution_wide,"This Policy is based on the position that the use of GenAI tools for assessments is acceptable provided such tools are used responsibly, and academic integrity is maintained."
worcester,University of Worcester,England,worcester-students-genai-202610,decided_by,school_or_department,Course teams working with Learning and Teaching Directors and Co-ordinators should determine how GenAI can be incorporated into programme design and learning and teaching activity.
worcester,University of Worcester,England,worcester-students-genai-202610,decided_by,module_or_lecturer,"There may be assessment contexts where the use of GenAI tools is not appropriate, and module tutors should make this clear in assignment briefs."
worcester,University of Worcester,England,worcester-students-genai-202610,decided_by,assessment_brief,module tutors should make this clear in assignment briefs.
worcester,University of Worcester,England,worcester-students-genai-202610,referencing,follow_guide,there should be clarity for students on how they should acknowledge and reference the use of GenAI (see Cite them right guidance here).
worcester,University of Worcester,England,worcester-students-genai-202610,records,recommended,"The importance of students maintaining a record of how they planned and constructed their assignment, detailing the use of GenAI where appropriate, should be embedded as part of good academic practice."
tus,Technological University of the Shannon: Midlands Midwest,Ireland,tus-students-genai-202610,duty,always_required,Any use of AI must be acknowledged correctly.
tus,Technological University of the Shannon: Midlands Midwest,Ireland,tus-students-genai-202610,decided_by,assessment_brief,Using AI to complete part or all of an assignment unless specifically permitted as part of the assessment.
cardiff-metropolitan,Cardiff Metropolitan University,Wales,cardiff-metropolitan-students-genai-202610,decided_by,module_or_lecturer,assessment rules are set at module level and must always be checked
stir,University of Stirling,Scotland,stir-students-genai-202610,decided_by,tiered_scale,"The AI Assessment Scale (AIAS) provides clear guidelines across five levels, ranging from no AI use to full AI integration"
tcd,Trinity College Dublin,Ireland,tcd-students-genai-202610,duty,always_required,"However, you must (at a minimum) acknowledge its use, using the guidance given in this LibGuide."
tcd,Trinity College Dublin,Ireland,tcd-students-genai-202610,default_when_silent,permit_with_acknowledgement,"the use of Generative AI is permitted unless otherwise stated in course and module handbooks, or in module descriptions in the Blackboard VLE. However, you must (at a minimum) acknowledge its use"
tcd,Trinity College Dublin,Ireland,tcd-students-genai-202610,decided_by,module_or_lecturer,"permitted unless otherwise stated in course and module handbooks, or in module descriptions in the Blackboard VLE"
tcd,Trinity College Dublin,Ireland,tcd-students-genai-202610,referencing,follow_guide,"you must (at a minimum) acknowledge its use, using the guidance given in this LibGuide."
aberystwyth,Aberystwyth University,Wales,aberystwyth-d2-misconduct-procedure-202610,duty,always_required,Any use of generative AI in assessment should be explicitly acknowledged in the work and should comply with the University and departmental guidance on the use of AI.
aberystwyth,Aberystwyth University,Wales,aberystwyth-d2-misconduct-procedure-202610,decided_by,institution_wide,Any use of generative AI in assessment should be explicitly acknowledged in the work and should comply with the University and departmental guidance on the use of AI.
aberystwyth,Aberystwyth University,Wales,aberystwyth-d2-misconduct-procedure-202610,decided_by,school_or_department,Any use of generative AI in assessment should be explicitly acknowledged in the work and should comply with the University and departmental guidance on the use of AI.
aberystwyth,Aberystwyth University,Wales,aberystwyth-d2-misconduct-procedure-202610,location,statement_in_work,Any use of generative AI in assessment should be explicitly acknowledged in the work and should comply with the University and departmental guidance on the use of AI.
aberystwyth,Aberystwyth University,Wales,aberystwyth-d2-misconduct-procedure-202610,consequence,treated_as_misconduct,Any assessments that are generated in whole or part by AI without appropriate acknowledgment and/or referencing shall be considered Unacceptable Academic Practice.
bangor,Bangor University,Wales,bangor-d2-misconduct-procedure-202610,duty,conditional,"make acknowledgements in submitted work as required by the University and/or their subject or discipline (e.g. to sources, methods, translation, use of generative artificial intelligence software)"
bangor,Bangor University,Wales,bangor-d2-misconduct-procedure-202610,decided_by,school_or_department,Schools must provide students with guidance on any subject- or discipline-specific examples of academic misconduct.
bangor,Bangor University,Wales,bangor-d2-misconduct-procedure-202610,decided_by,institution_wide,"make acknowledgements in submitted work as required by the University and/or their subject or discipline (e.g. to sources, methods, translation, use of generative artificial intelligence software)"
bangor,Bangor University,Wales,bangor-d2-misconduct-procedure-202610,location,coversheet_or_form,Instruct students to complete and submit the Generative-Artificial Intelligence Declaration coversheet for all appropriate assessments
cardiff-metropolitan,Cardiff Metropolitan University,Wales,cardiff-metropolitan-d2-misconduct-procedure-202610,default_when_silent,prohibit_all,Assignment briefs will identify where use of artificial intelligence may be appropriate; in all other cases it is not.
cardiff-metropolitan,Cardiff Metropolitan University,Wales,cardiff-metropolitan-d2-misconduct-procedure-202610,decided_by,assessment_brief,Assignment briefs will identify where use of artificial intelligence may be appropriate; in all other cases it is not.
swansea,Swansea University,Wales,swansea-d2-assessment-policy-202610,duty,conditional,Staff and students will not be permitted to present work completed by AI applications as their own without acknowledgement.
aberdeen,University of Aberdeen,Scotland,aberdeen-d2-misconduct-procedure-202610,duty,conditional,Plagiarism through the use of artificial intelligence tools is defined as the unauthorised or unacknowledged use of artificial intelligence tools to generate content for work submitted for assessment.
aberdeen,University of Aberdeen,Scotland,aberdeen-d2-misconduct-procedure-202610,consequence,treated_as_misconduct,Plagiarism through the use of artificial intelligence tools is defined as the unauthorised or unacknowledged use of artificial intelligence tools to generate content for work submitted for assessment.
edinburgh-napier,Edinburgh Napier University,Scotland,edinburgh-napier-d2-institutional-policy-202610,duty,conditional,Staff and students are expected to declare when they directly use
edinburgh-napier,Edinburgh Napier University,Scotland,edinburgh-napier-d2-institutional-policy-202610,default_when_silent,ask_instructor,"If you are unsure about permissible use of Gen AI in your assessments, check the Assessment Brief and ask your module leader/tutor."
edinburgh-napier,Edinburgh Napier University,Scotland,edinburgh-napier-d2-institutional-policy-202610,decided_by,module_or_lecturer,"You have the academic freedom to decide what use of Gen AI – if any – is permitted, on individual assessments and other learning activities."
edinburgh-napier,Edinburgh Napier University,Scotland,edinburgh-napier-d2-institutional-policy-202610,decided_by,assessment_brief,clear guidance on Gen AI use should be included in every assessment brief as per the University Assessment Policy [forthcoming].
edinburgh-napier,Edinburgh Napier University,Scotland,edinburgh-napier-d2-institutional-policy-202610,decided_by,tiered_scale,"You can use and adapt the ‘traffic light’ slide from DLTE’s Gen AI toolkit to communicate to students what is and is not allowed, as per the assessment brief."
edinburgh-napier,Edinburgh Napier University,Scotland,edinburgh-napier-d2-institutional-policy-202610,location,coversheet_or_form,Use the Assessment Gen AI Declaration sheet with students for each assessment submission.
edinburgh-napier,Edinburgh Napier University,Scotland,edinburgh-napier-d2-institutional-policy-202610,consequence,treated_as_misconduct,Misrepresenting AI-generated work as your own is academic misconduct and may result in an academic integrity investigation.
heriot-watt,Heriot-Watt University,Scotland,heriot-watt-d2-misconduct-procedure-202610,referencing,cite_in_reference_list,failing to appropriately reference sources (i.e. GenAI)
heriot-watt,Heriot-Watt University,Scotland,heriot-watt-d2-misconduct-procedure-202610,consequence,treated_as_misconduct,any suspected misuse of generative artificial intelligence (GenAI) will be dealt with under this policy.
edinburgh,University of Edinburgh,Scotland,edinburgh-d2-assessment-policy-202610,decided_by,module_or_lecturer,Programme and/or course handbooks will provide additional guidance in cases where AI tools might form part of an assessment task.
glasgow,University of Glasgow,Scotland,glasgow-d2-misconduct-procedure-202610,duty,always_required,"If information or ideas are obtained from any source (including GenAI), those sources must be acknowledged according to the appropriate convention in that subject"
glasgow,University of Glasgow,Scotland,glasgow-d2-misconduct-procedure-202610,decided_by,school_or_department,"Schools will advise students of their specific rules and in assessment specifications, where appropriate."
glasgow,University of Glasgow,Scotland,glasgow-d2-misconduct-procedure-202610,decided_by,assessment_brief,"Schools will advise students of their specific rules and in assessment specifications, where appropriate."
glasgow,University of Glasgow,Scotland,glasgow-d2-misconduct-procedure-202610,contents,how_used,"Where the use of AI is permitted, it must be verified and appropriately referenced in the work for transparency, with details of how it was used being provided."
glasgow,University of Glasgow,Scotland,glasgow-d2-misconduct-procedure-202610,consequence,treated_as_misconduct,Any failure to acknowledge adequately or to cite properly other sources in submitted work is plagiarism.
qmu,Queen Margaret University,Scotland,qmu-d2-misconduct-procedure-202610,duty,conditional,"Plagiarism, including the unauthorized and unattributed use of generative AI in written assignments"
qmu,Queen Margaret University,Scotland,qmu-d2-misconduct-procedure-202610,decided_by,assessment_brief,"Familiarise themselves with the assessment schedule and assessment specification for all modules on their programme, including an awareness of the extent to which generative AI can be used in any given assessment."
qmu,Queen Margaret University,Scotland,qmu-d2-misconduct-procedure-202610,consequence,treated_as_misconduct,"Plagiarism, including the unauthorized and unattributed use of generative AI in written assignments"
st-andrews,University of St Andrews,Scotland,st-andrews-d2-misconduct-procedure-202610,duty,conditional,The declaration should contain whether and how any language correction software or services has been used.
st-andrews,University of St Andrews,Scotland,st-andrews-d2-misconduct-procedure-202610,default_when_silent,use_by_use_rule,"The use of software or services (including, but not limited to, tools and services marketed specifically as ‘language correction tools’ or ‘grammar checkers’) to generate, develop or materially alter academic content is not permitted unless explicitly authorised in the assessment brief."
st-andrews,University of St Andrews,Scotland,st-andrews-d2-misconduct-procedure-202610,decided_by,module_or_lecturer,Permission to make use of AI within assessments varies depending on the module and assessment
st-andrews,University of St Andrews,Scotland,st-andrews-d2-misconduct-procedure-202610,decided_by,assessment_brief,is not permitted unless explicitly authorised in the assessment brief.
st-andrews,University of St Andrews,Scotland,st-andrews-d2-misconduct-procedure-202610,decided_by,school_or_department,Schools may opt to prohibit the use of any language correction outright
st-andrews,University of St Andrews,Scotland,st-andrews-d2-misconduct-procedure-202610,contents,how_used,The declaration should contain whether and how any language correction software or services has been used.
st-andrews,University of St Andrews,Scotland,st-andrews-d2-misconduct-procedure-202610,location,statement_in_work,All UG and PGT students will include a declaration at the beginning of the assessment.
st-andrews,University of St Andrews,Scotland,st-andrews-d2-misconduct-procedure-202610,exempt,assistive_use,"Note that students with a registered disability specifically allowing assistive technology, are not required to declare the use of assistive technology."
st-andrews,University of St Andrews,Scotland,st-andrews-d2-misconduct-procedure-202610,exempt,spellcheck_or_embedded_tools,The University does not seek to regulate how students engage in basic editorial corrections.
stir,University of Stirling,Scotland,stir-d2-misconduct-procedure-202610,duty,conditional,When part of an assessment originates from an artificial tool without appropriate acknowledgement.
stir,University of Stirling,Scotland,stir-d2-misconduct-procedure-202610,decided_by,module_or_lecturer,The permitted use of AI for a particular assessment or learning activity should be explicitly outlined by Module Coordinators or Supervisors
stir,University of Stirling,Scotland,stir-d2-misconduct-procedure-202610,decided_by,tiered_scale,according to the University of Stirling’s AI Assessment Scale.
stir,University of Stirling,Scotland,stir-d2-misconduct-procedure-202610,decided_by,assessment_brief,Where an artificial intelligence tool has been used in a manner contrary to the instructions of the particular assessment.
stir,University of Stirling,Scotland,stir-d2-misconduct-procedure-202610,consequence,treated_as_misconduct,When part of an assessment originates from an artificial tool without appropriate acknowledgement.
strath,University of Strathclyde,Scotland,strath-d2-misconduct-procedure-202610,decided_by,module_or_lecturer,"Students may be made aware of other prohibited behaviours, activities, and actions in module and/or programme handbooks and during teaching and learning activities."
strath,University of Strathclyde,Scotland,strath-d2-misconduct-procedure-202610,decided_by,assessment_brief,"Working in ways or obtaining information not permitted by the terms of the assessment or cheating in any assessment (including procuring, purchasing and submitting the work of a third-party)"
dundalk-institute-technology,Dundalk Institute of Technology,Ireland,dundalk-institute-technology-d2-misconduct-procedure-202610,duty,always_required,"Using generative artificial intelligence tools (e.g. ChatGPT) in an assessment unless explicitly permitted to do so and with proper acknowledgement, is a form of plagiarism."
dundalk-institute-technology,Dundalk Institute of Technology,Ireland,dundalk-institute-technology-d2-misconduct-procedure-202610,default_when_silent,prohibit_all,"Using generative artificial intelligence tools (e.g. ChatGPT) in an assessment unless explicitly permitted to do so and with proper acknowledgement, is a form of plagiarism."
dundalk-institute-technology,Dundalk Institute of Technology,Ireland,dundalk-institute-technology-d2-misconduct-procedure-202610,consequence,treated_as_misconduct,"Using generative artificial intelligence tools (e.g. ChatGPT) in an assessment unless explicitly permitted to do so and with proper acknowledgement, is a form of plagiarism."
highlands-and-islands,University of the Highlands and Islands,Scotland,highlands-and-islands-d2-misconduct-procedure-202610,duty,conditional,"where permission to use GAI has been granted, the use of material produced by GAI must be referenced or acknowledged"
highlands-and-islands,University of the Highlands and Islands,Scotland,highlands-and-islands-d2-misconduct-procedure-202610,default_when_silent,prohibit_all,the use of material produced by generative artificial intelligence (GAI) without the specific permission of the tutor/lecturer
highlands-and-islands,University of the Highlands and Islands,Scotland,highlands-and-islands-d2-misconduct-procedure-202610,decided_by,module_or_lecturer,the use of material produced by generative artificial intelligence (GAI) without the specific permission of the tutor/lecturer
highlands-and-islands,University of the Highlands and Islands,Scotland,highlands-and-islands-d2-misconduct-procedure-202610,consequence,treated_as_misconduct,"Plagiarism may, therefore, include: a. the use of another person’s material without reference or acknowledgement b. the use of material produced by generative artificial intelligence (GAI) without the specific permission of the tutor/lecturer c. where permission to use GAI has been granted, the use of material produced by GAI must be referenced or acknowledged"
royal-surgeons-in-ireland,Royal College of Surgeons in Ireland,Ireland,royal-surgeons-in-ireland-d2-misconduct-procedure-202610,duty,always_required,Unauthorised use of Gen AI includes but is not limited to the use of a Gen AI tool to generate any form of submitted work that a learner submits without proper acknowledgment of that tool’s use in its generation.
royal-surgeons-in-ireland,Royal College of Surgeons in Ireland,Ireland,royal-surgeons-in-ireland-d2-misconduct-procedure-202610,contents,tool_name,"Such a declaration should specify the exact name and version of the GenAI system(s) used, a clear description of how those system(s) were used, the prompting strategy used and specify the steps taken to validate the system’s outputs."
royal-surgeons-in-ireland,Royal College of Surgeons in Ireland,Ireland,royal-surgeons-in-ireland-d2-misconduct-procedure-202610,contents,tool_version,"Such a declaration should specify the exact name and version of the GenAI system(s) used, a clear description of how those system(s) were used, the prompting strategy used and specify the steps taken to validate the system’s outputs."
royal-surgeons-in-ireland,Royal College of Surgeons in Ireland,Ireland,royal-surgeons-in-ireland-d2-misconduct-procedure-202610,contents,how_used,"Such a declaration should specify the exact name and version of the GenAI system(s) used, a clear description of how those system(s) were used, the prompting strategy used and specify the steps taken to validate the system’s outputs."
royal-surgeons-in-ireland,Royal College of Surgeons in Ireland,Ireland,royal-surgeons-in-ireland-d2-misconduct-procedure-202610,contents,prompts,"Such a declaration should specify the exact name and version of the GenAI system(s) used, a clear description of how those system(s) were used, the prompting strategy used and specify the steps taken to validate the system’s outputs."
royal-surgeons-in-ireland,Royal College of Surgeons in Ireland,Ireland,royal-surgeons-in-ireland-d2-misconduct-procedure-202610,location,coversheet_or_form,"All students must be willing to provide a declaration with their submission that the work they are submitting is their own; that there is no unauthorised content generation, no unacknowledged use of another person’s work; and that the work has not been previously submitted by the student or anyone else."
royal-surgeons-in-ireland,Royal College of Surgeons in Ireland,Ireland,royal-surgeons-in-ireland-d2-misconduct-procedure-202610,consequence,treated_as_misconduct,Unauthorised use of Gen AI includes but is not limited to the use of a Gen AI tool to generate any form of submitted work that a learner submits without proper acknowledgment of that tool’s use in its generation.
tcd,Trinity College Dublin,Ireland,tcd-d2-misconduct-procedure-202610,decided_by,module_or_lecturer,it is the module permissions regarding the use of GenAI which are deemed to be definitive for use in that module.
tcd,Trinity College Dublin,Ireland,tcd-d2-misconduct-procedure-202610,decided_by,school_or_department,Programme handbooks must also clearly outline and communicate the permitted use of GenAI by students in learning activities and assessment tasks
ucc,University College Cork,Ireland,ucc-d2-misconduct-procedure-202610,duty,conditional,Academic integrity is breached if students submit the products of GenAI as their own work without acknowledgement and without authorisation to use GenAI in fulﬁlling the task.
ucc,University College Cork,Ireland,ucc-d2-misconduct-procedure-202610,consequence,treated_as_misconduct,Academic integrity is breached if students submit the products of GenAI as their own work without acknowledgement and without authorisation to use GenAI in fulﬁlling the task.
ucd,University College Dublin,Ireland,ucd-d2-misconduct-procedure-202610,duty,conditional,not acknowledging use of such technology when its use is permitted
ucd,University College Dublin,Ireland,ucd-d2-misconduct-procedure-202610,decided_by,module_or_lecturer,using such technology without explicit permission from relevant academic staff
ucd,University College Dublin,Ireland,ucd-d2-misconduct-procedure-202610,consequence,treated_as_misconduct,unauthorised and / or unacknowledged use of artificial intelligence tools to generate content for assessment purposes
ul,University of Limerick,Ireland,ul-d2-assessment-policy-202610,duty,conditional,These approaches focus on requiring students to declare and/or describe the level of AI use within their work.
ul,University of Limerick,Ireland,ul-d2-assessment-policy-202610,decided_by,module_or_lecturer,it is the responsibility of the module leader/equivalent to decide and communicate the level of acceptable use of AI to students
ul,University of Limerick,Ireland,ul-d2-assessment-policy-202610,contents,extent_or_scope,"Declarative approaches, require students to include an acknowledgement or declaration template as part of an assessment, to indicate the nature and extent of AI use"
ul,University of Limerick,Ireland,ul-d2-assessment-policy-202610,contents,how_used,"Declarative approaches, require students to include an acknowledgement or declaration template as part of an assessment, to indicate the nature and extent of AI use"
ul,University of Limerick,Ireland,ul-d2-assessment-policy-202610,location,coversheet_or_form,"Declarative approaches, require students to include an acknowledgement or declaration template as part of an assessment, to indicate the nature and extent of AI use"
ul,University of Limerick,Ireland,ul-d2-assessment-policy-202610,location,appendix,"Discursive approaches require students to indicate, often through commentary and/or appendices, the level of AI use within an assessment."
roehampton,University of Roehampton,England,roehampton-students-genai-202610,duty,always_required,You must reference any use of AI.
roehampton,University of Roehampton,England,roehampton-students-genai-202610,decided_by,tiered_scale,"At Roehampton, assessments generally fall into one of three categories regarding AI."
roehampton,University of Roehampton,England,roehampton-students-genai-202610,decided_by,assessment_brief,"Always check your assessment criteria, attend your assessment brief or ask for advice."
roehampton,University of Roehampton,England,roehampton-students-genai-202610,decided_by,institution_wide,"The University's guidelines lay out three kinds of rule-sets, for the use of AI, that your programme might apply to any given assessment."
roehampton,University of Roehampton,England,roehampton-students-genai-202610,decided_by,module_or_lecturer,"Read the University's guidelines, here, and check with your lecturers if you are not sure what is allowed for your current assessment."
royal-surgeons-in-ireland,Royal College of Surgeons in Ireland,Ireland,royal-surgeons-in-ireland-students-genai-202610,duty,always_required,"When GenAI models or tools are used in academic work or research, proper citation is required."
royal-surgeons-in-ireland,Royal College of Surgeons in Ireland,Ireland,royal-surgeons-in-ireland-students-genai-202610,decided_by,school_or_department,"Rather, a tiered approach is needed wherein high-level university-wide guidance informs the development of specific policies for individual schools, and, where necessary, more specific"
royal-surgeons-in-ireland,Royal College of Surgeons in Ireland,Ireland,royal-surgeons-in-ireland-students-genai-202610,decided_by,module_or_lecturer,"Ultimately, it should be the role of the relevant assessment creators within each academic unit to clearly articulate the constraints and possibilities of GenAI tools in relation to their own assessment task."
royal-surgeons-in-ireland,Royal College of Surgeons in Ireland,Ireland,royal-surgeons-in-ireland-students-genai-202610,decided_by,assessment_brief,"To provide clarity for students, clear written guidance regarding what constitutes acceptable or unacceptable use of GenAI should accompany each assessment."
royal-surgeons-in-ireland,Royal College of Surgeons in Ireland,Ireland,royal-surgeons-in-ireland-students-genai-202610,contents,prompts,"Where GenAI is used, students should include screen captures of both their prompts to and outputs from the GenAI tool as appendices in their submitted work to ensure transparency."
royal-surgeons-in-ireland,Royal College of Surgeons in Ireland,Ireland,royal-surgeons-in-ireland-students-genai-202610,contents,outputs,"Where GenAI is used, students should include screen captures of both their prompts to and outputs from the GenAI tool as appendices in their submitted work to ensure transparency."
royal-surgeons-in-ireland,Royal College of Surgeons in Ireland,Ireland,royal-surgeons-in-ireland-students-genai-202610,contents,tool_name,acknowledgment of the GenAI tool used and the segment in which it was used in the completion of the assessment.
royal-surgeons-in-ireland,Royal College of Surgeons in Ireland,Ireland,royal-surgeons-in-ireland-students-genai-202610,contents,extent_or_scope,acknowledgment of the GenAI tool used and the segment in which it was used in the completion of the assessment.
royal-surgeons-in-ireland,Royal College of Surgeons in Ireland,Ireland,royal-surgeons-in-ireland-students-genai-202610,location,appendix,"Where GenAI is used, students should include screen captures of both their prompts to and outputs from the GenAI tool as appendices in their submitted work to ensure transparency."
royal-surgeons-in-ireland,Royal College of Surgeons in Ireland,Ireland,royal-surgeons-in-ireland-students-genai-202610,location,statement_in_work,acknowledgment of the GenAI tool used and the segment in which it was used in the completion of the assessment.
royal-surgeons-in-ireland,Royal College of Surgeons in Ireland,Ireland,royal-surgeons-in-ireland-students-genai-202610,referencing,follow_guide,Clear guidelines and examples for citing GenAI are provided by the RCSI Library to assist students and staff.
sheffield,University of Sheffield,England,sheffield-students-genai-202610,decided_by,institution_wide,"The University has developed a Common Approach to ensure every undergraduate programme integrates GenAI literacy through structured teaching activities and formal assessment, while providing clarity to staff and students about acceptable AI use across all assessments."
sheffield,University of Sheffield,England,sheffield-students-genai-202610,decided_by,school_or_department,These expectations are clearly communicated to students in programme and module handbooks and align with the academic misconduct policy principles and underpinning values.
sheffield,University of Sheffield,England,sheffield-students-genai-202610,decided_by,assessment_brief,"Clarity will be provided within assessment criteria regarding how AI can contribute to or detract from the achievement of learning objectives, including recognition for appropriate and responsible use."
sheffield,University of Sheffield,England,sheffield-students-genai-202610,decided_by,module_or_lecturer,These expectations are clearly communicated to students in programme and module handbooks and align with the academic misconduct policy principles and underpinning values.
suffolk,University of Suffolk,England,suffolk-students-genai-202610,duty,always_required,Students will be required to complete an AI use declaration for all assessments. Failure to accurately declare use may constitute academic misconduct.
suffolk,University of Suffolk,England,suffolk-students-genai-202610,decided_by,school_or_department,The Policy allows for differential use across the University according to discipline but must align with institutional policy and guidance and be clearly and consistently communicated to students.
suffolk,University of Suffolk,England,suffolk-students-genai-202610,decided_by,assessment_brief,"Expectations for the appropriate use of Generative AI within a discipline must be clearly defined, consistently applied, and communicated to students by academic staff, including explicitly within assessment briefs."
suffolk,University of Suffolk,England,suffolk-students-genai-202610,decided_by,tiered_scale,Support will be provided to students through mandatory training accompanied by guidance including the ‘AI traffic light system’.
suffolk,University of Suffolk,England,suffolk-students-genai-202610,decided_by,module_or_lecturer,"Establish and maintain a shared understanding within teaching teams regarding permitted, encouraged, restricted, or prohibited uses of Generative AI for each module or course."
suffolk,University of Suffolk,England,suffolk-students-genai-202610,location,coversheet_or_form,Students will be required to complete an AI use declaration for all assessments.
suffolk,University of Suffolk,England,suffolk-students-genai-202610,referencing,follow_guide,"Students must follow institutional guidance for acknowledgement, attribution and referencing; and what constitutes inappropriate or unacceptable use."
suffolk,University of Suffolk,England,suffolk-students-genai-202610,consequence,treated_as_misconduct,Failure to accurately declare use may constitute academic misconduct.
brunel-london,Brunel University of London,England,brunel-london-students-genai-202610,default_when_silent,prohibit_all,"the use of any type of generative artificial intelligence tools (such as text generating, image generating, computer software generating, and translators) is not permitted in your assignment unless your module leader has explicitly specified that their use is permitted"
brunel-london,Brunel University of London,England,brunel-london-students-genai-202610,decided_by,module_or_lecturer,"the use of any type of generative artificial intelligence tools (such as text generating, image generating, computer software generating, and translators) is not permitted in your assignment unless your module leader has explicitly specified that their use is permitted"
brunel-london,Brunel University of London,England,brunel-london-students-genai-202610,decided_by,assessment_brief,"Check your module handbook / assignment brief, look at lecture slides, or speak to your module leader / lecturer."
brunel-london,Brunel University of London,England,brunel-london-students-genai-202610,location,appendix,You should check with your lecturer or module-leader whether you should include the transcript of your interaction as an appendix to your work.
brunel-london,Brunel University of London,England,brunel-london-students-genai-202610,referencing,follow_guide,"The advice on how to reference AI generated content will depend on the referencing style used by your department, and the advice provided may be prone to change."
brunel-london,Brunel University of London,England,brunel-london-students-genai-202610,records,recommended,"For maximum transparency, we recommend this as a good approach."
dundalk-institute-technology,Dundalk Institute of Technology,Ireland,dundalk-institute-technology-students-genai-202610,duty,always_required,"If you use generative AI in an assignment, you do need to acknowledge this."
dundalk-institute-technology,Dundalk Institute of Technology,Ireland,dundalk-institute-technology-students-genai-202610,default_when_silent,prohibit_all,"Using generative artificial intelligence tools (e.g. ChatGPT) in an assessment unless explicitly permitted to do so and with proper acknowledgement, is a form of plagiarism"
dundalk-institute-technology,Dundalk Institute of Technology,Ireland,dundalk-institute-technology-students-genai-202610,decided_by,module_or_lecturer,"If a lecturer permits the use of artificial intelligence (AI), the terms of this use will be included in the assessment brief by the lecturer(s)."
dundalk-institute-technology,Dundalk Institute of Technology,Ireland,dundalk-institute-technology-students-genai-202610,decided_by,assessment_brief,the terms of this use will be included in the assessment brief by the lecturer(s).
dundalk-institute-technology,Dundalk Institute of Technology,Ireland,dundalk-institute-technology-students-genai-202610,decided_by,tiered_scale,"The use of artificial intelligence will be “unrestricted”, “restricted”, or “prohibited”."
dundalk-institute-technology,Dundalk Institute of Technology,Ireland,dundalk-institute-technology-students-genai-202610,contents,tool_name,Specify which technology/technologies were used.
dundalk-institute-technology,Dundalk Institute of Technology,Ireland,dundalk-institute-technology-students-genai-202610,contents,prompts,Identify the prompts used.
dundalk-institute-technology,Dundalk Institute of Technology,Ireland,dundalk-institute-technology-students-genai-202610,contents,outputs,Provide the resulting outputs.
dundalk-institute-technology,Dundalk Institute of Technology,Ireland,dundalk-institute-technology-students-genai-202610,contents,how_used,Explain how the output was used in the submitted work (used directly or modified).
dundalk-institute-technology,Dundalk Institute of Technology,Ireland,dundalk-institute-technology-students-genai-202610,location,statement_in_work,"If you permitted to use AI, you will be asked to provide a declaration of use in your submitted assessment."
dundalk-institute-technology,Dundalk Institute of Technology,Ireland,dundalk-institute-technology-students-genai-202610,location,appendix,The prompt outputs were as follows / are included in an appendix
dundalk-institute-technology,Dundalk Institute of Technology,Ireland,dundalk-institute-technology-students-genai-202610,consequence,treated_as_misconduct,"Using generative artificial intelligence tools (e.g. ChatGPT) in an assessment unless explicitly permitted to do so and with proper acknowledgement, is a form of plagiarism"
edinburgh,University of Edinburgh,Scotland,edinburgh-student-genai-guidelines-202610,duty,conditional,"If you choose to use generative AI for permitted aspects of an assessment, it is important to be transparent about how you have done so."
edinburgh,University of Edinburgh,Scotland,edinburgh-student-genai-guidelines-202610,decided_by,institution_wide,These guidelines are general to the whole University.
edinburgh,University of Edinburgh,Scotland,edinburgh-student-genai-guidelines-202610,decided_by,module_or_lecturer,"It is important that you are aware that each course will have its own, more detailed, guidance."
edinburgh,University of Edinburgh,Scotland,edinburgh-student-genai-guidelines-202610,contents,tool_name,I used GPT 5 via ELM to check grammar and spelling throughout my assignment.
edinburgh,University of Edinburgh,Scotland,edinburgh-student-genai-guidelines-202610,contents,how_used,I used GPT 5 via ELM to check grammar and spelling throughout my assignment.
edinburgh,University of Edinburgh,Scotland,edinburgh-student-genai-guidelines-202610,location,statement_in_work,"You should include a brief acknowledgment at the end of your piece of work, for example:"
edinburgh,University of Edinburgh,Scotland,edinburgh-student-genai-guidelines-202610,referencing,cite_in_reference_list,"This means including an in-text citation or footnote in the body of your work, and a corresponding reference in your reference list."
edinburgh,University of Edinburgh,Scotland,edinburgh-student-genai-guidelines-202610,consequence,treated_as_misconduct,Submitting an assessment which includes elements of AI-generated text without acknowledgment.
warwick,University of Warwick,England,warwick-students-genai-202610,duty,always_required,You will be required to state if any AI has been used as part of the submission procedure.
warwick,University of Warwick,England,warwick-students-genai-202610,default_when_silent,permit_all,The general position is that you can use Artificial Intelligence (AI) but must follow any requirements set out in assessments and course handbooks.
warwick,University of Warwick,England,warwick-students-genai-202610,decided_by,module_or_lecturer,Your module tutor/leader decides what is ‘appropriate’ for each module assessment.
warwick,University of Warwick,England,warwick-students-genai-202610,decided_by,assessment_brief,"Whether AI is permitted, and if so, how you can use it, will be outlined in each of your assessment briefs or course handbook."
warwick,University of Warwick,England,warwick-students-genai-202610,contents,how_used,"If you use an AI, you must set out why, where and how you have done so - this may be done with a clear paragraph in your submission."
warwick,University of Warwick,England,warwick-students-genai-202610,contents,why_used,"If you use an AI, you must set out why, where and how you have done so - this may be done with a clear paragraph in your submission."
warwick,University of Warwick,England,warwick-students-genai-202610,location,statement_in_work,Include a short paragraph in your assignment submission explaining how you've used it.
warwick,University of Warwick,England,warwick-students-genai-202610,referencing,follow_guide,"Check your course handbook, department's webpages or assessment brief for referencing guidance."
warwick,University of Warwick,England,warwick-students-genai-202610,records,required,Record interactions with any AI that you later use or rely upon for a submission.
warwick,University of Warwick,England,warwick-students-genai-202610,consequence,treated_as_misconduct,Failing to honestly acknowledge your use of AI in could be considered academic misconduct.
leeds-beckett,Leeds Beckett University,England,leeds-beckett-students-genai-202610,duty,always_required,because deploying generative AI without proper acknowledgement constitutes Unfair Practice and will result in your work being penalised under Section 10: Academic Integrity of LBU’s Academic Regulations.
leeds-beckett,Leeds Beckett University,England,leeds-beckett-students-genai-202610,decided_by,institution_wide,Please note that these principles apply to all undergraduate and taught postgraduate students.
leeds-beckett,Leeds Beckett University,England,leeds-beckett-students-genai-202610,contents,how_used,we will ask you to make a statement explaining your use of generative AI and acknowledging how it was used.
leeds-beckett,Leeds Beckett University,England,leeds-beckett-students-genai-202610,location,statement_in_work,we will ask you to make a statement explaining your use of generative AI and acknowledging how it was used.
leeds-beckett,Leeds Beckett University,England,leeds-beckett-students-genai-202610,referencing,cite_in_reference_list,"If generative AI tools are utilised in your work, it's important to acknowledge, explain, and provide references for their use."
leeds-beckett,Leeds Beckett University,England,leeds-beckett-students-genai-202610,consequence,treated_as_misconduct,because deploying generative AI without proper acknowledgement constitutes Unfair Practice and will result in your work being penalised under Section 10: Academic Integrity of LBU’s Academic Regulations.
west-england,University of the West of England,England,west-england-students-genai-202610,duty,conditional,"If you are guided to use generative AI in your assessments or assignments, you will need to acknowledge its use through referencing."
west-england,University of the West of England,England,west-england-students-genai-202610,default_when_silent,ask_instructor,Always speak to your tutor if you are unsure whether specific uses of generative AI are permitted for specific assignments or assessments.
west-england,University of the West of England,England,west-england-students-genai-202610,decided_by,assessment_brief,Your assessment brief may describe what use of AI is appropriate.
west-england,University of the West of England,England,west-england-students-genai-202610,decided_by,module_or_lecturer,Always take the lead from your tutor.
west-england,University of the West of England,England,west-england-students-genai-202610,referencing,follow_guide,You should follow our guidelines on referencing generative AI.
west-england,University of the West of England,England,west-england-students-genai-202610,consequence,treated_as_misconduct,"it is an academic offence to download material from the web and submit it as your own work, or submit work created by using AI tools without appropriate acknowledgement."
york,University of York,England,york-students-genai-202610,decided_by,assessment_brief,"As always, check your assessment briefs and guidelines carefully, and if you are not sure about acceptable use, ask your teacher or coordinator."
york,University of York,England,york-students-genai-202610,decided_by,module_or_lecturer,"If you are not sure whether it is acceptable to use generative AI content tools, you should discuss this with your programme leaders, module leaders or supervisors as soon as possible."
york,University of York,England,york-students-genai-202610,decided_by,institution_wide,This guidance applies to students on undergraduate and postgraduate taught courses and should be used in conjunction with the Policy on acceptable assistance in assessment.
york,University of York,England,york-students-genai-202610,records,recommended,It is advisable to keep records of the work you have done and to save different copies of your work rather than overwriting the same file all the time.
york,University of York,England,york-students-genai-202610,consequence,treated_as_misconduct,"‘False authorship’ refers to creating or modifying academic work, either fully or partially, using unauthorised or undisclosed help from people (eg family, proofreaders, essay mills) or technology (eg generative AI, software, machine translation) without approval or acknowledgment and to such an extent that you can no longer be considered the author of the work."
bpp,BPP University,England,bpp-students-genai-202610,duty,conditional,"If it has, then you must declare your use of AI on the coversheet that will be provided to you by your school administration team or tutor."
bpp,BPP University,England,bpp-students-genai-202610,default_when_silent,prohibit_all,"If there is no explicit mention being allowed to use AI in your summative assessment brief, then you must not use AI in any part of the final submission."
bpp,BPP University,England,bpp-students-genai-202610,decided_by,assessment_brief,"In each case, the specific use of AI will be explicitly mentioned in the assignment brief."
bpp,BPP University,England,bpp-students-genai-202610,location,coversheet_or_form,you must declare your use of AI on the coversheet that will be provided to you by your school administration team or tutor.
bpp,BPP University,England,bpp-students-genai-202610,consequence,treated_as_misconduct,Submitting the undeclared outputs of Gen AI in summative work
bpp,BPP University,England,bpp-students-genai-202610,exempt,spellcheck_or_embedded_tools,"You can use spelling, grammar-checking software and thesauri to assist you in your writing. Some of these may be AI powered"
newcastle,Newcastle University,England,newcastle-students-genai-202610,duty,conditional,"if you are using it to support the preparation of an assessed piece of work, you will need to acknowledge in an open and transparent way how and why you have used AI for the development of your work."
newcastle,Newcastle University,England,newcastle-students-genai-202610,decided_by,module_or_lecturer,abiding by any expectations set by your academics about how AI can be used within the study of a module or specific assessment
newcastle,Newcastle University,England,newcastle-students-genai-202610,contents,how_used,acknowledge in an open and transparent way how and why you have used AI for the development of your work.
newcastle,Newcastle University,England,newcastle-students-genai-202610,contents,why_used,acknowledge in an open and transparent way how and why you have used AI for the development of your work.
newcastle,Newcastle University,England,newcastle-students-genai-202610,referencing,cite_in_reference_list,you must include an in text citation and reference.
newcastle,Newcastle University,England,newcastle-students-genai-202610,exempt,learning_aid_use,"Generally speaking, if you are using generative AI to support you learning and academic development, you are unlikely to need to acknowledge it."
st-andrews,University of St Andrews,Scotland,st-andrews-students-genai-202610,duty,always_required,"If AI has been used, this should be clearly declared by the student on an assessment coversheet."
st-andrews,University of St Andrews,Scotland,st-andrews-students-genai-202610,default_when_silent,prohibit_all,Students should not use Generative AI for the preparation and presentation of assessed work unless authorised explicitly by the module co-ordinator.
st-andrews,University of St Andrews,Scotland,st-andrews-students-genai-202610,decided_by,module_or_lecturer,unless authorised explicitly by the module co-ordinator.
st-andrews,University of St Andrews,Scotland,st-andrews-students-genai-202610,decided_by,school_or_department,"Further requirements may be stipulated by a School, academic programme, or individual member of teaching staff, or for a particular assignment, and will be made clear when an assignment is set."
st-andrews,University of St Andrews,Scotland,st-andrews-students-genai-202610,contents,tool_name,"You should include a declaration statement along with your references stating the AI tool used, describing how you used it, and indicating the date you accessed it."
st-andrews,University of St Andrews,Scotland,st-andrews-students-genai-202610,contents,how_used,"You should include a declaration statement along with your references stating the AI tool used, describing how you used it, and indicating the date you accessed it."
st-andrews,University of St Andrews,Scotland,st-andrews-students-genai-202610,contents,date_accessed,"You should include a declaration statement along with your references stating the AI tool used, describing how you used it, and indicating the date you accessed it."
st-andrews,University of St Andrews,Scotland,st-andrews-students-genai-202610,location,coversheet_or_form,"If AI has been used, this should be clearly declared by the student on an assessment coversheet."
st-andrews,University of St Andrews,Scotland,st-andrews-students-genai-202610,location,with_references,"You should include a declaration statement along with your references stating the AI tool used, describing how you used it, and indicating the date you accessed it."
st-andrews,University of St Andrews,Scotland,st-andrews-students-genai-202610,location,appendix,"AI use should be cited, and any prompts used, and responses received should be reported in an appendix."
st-andrews,University of St Andrews,Scotland,st-andrews-students-genai-202610,referencing,cite_in_reference_list,"If AI use is authorised, it must be cited."
st-andrews,University of St Andrews,Scotland,st-andrews-students-genai-202610,records,required,"If AI use is authorised, all prompts used should be retained for reference and should be available to the module co-ordinator on request."
st-andrews,University of St Andrews,Scotland,st-andrews-students-genai-202610,consequence,treated_as_misconduct,"If a module does not prohibit the use of Generative AI, and yet a student submits content produced by Generative AI as their own work without acknowledgement, this will also be considered academic misconduct."
essex,University of Essex,England,essex-students-genai-202610,duty,always_required,Be transparent about which tools you use and how you have used them to create your academic work.
essex,University of Essex,England,essex-students-genai-202610,decided_by,module_or_lecturer,Your lecturers and teachers will give you more specific instructions but in general you will be expected to include information about how you have used AI as part of your assignment submissions.
essex,University of Essex,England,essex-students-genai-202610,contents,tool_name,Be transparent about which tools you use and how you have used them to create your academic work.
essex,University of Essex,England,essex-students-genai-202610,contents,how_used,Be transparent about which tools you use and how you have used them to create your academic work.
essex,University of Essex,England,essex-students-genai-202610,records,recommended,it is a good idea to keep notes that you make along the way and try to keep different versions saved as separate files as your work develops.
essex,University of Essex,England,essex-students-genai-202610,exempt,learning_aid_use,"Providing the explanation is used to help you understand and is not copied into your assignment, you will not be committing any academic offence."
harper-adams,Harper Adams University,England,harper-adams-students-genai-202610,duty,always_required,All use of generative AI must be acknowledged in an ‘Acknowledgements’ section on the first page of any piece of academic work where it has been used.
harper-adams,Harper Adams University,England,harper-adams-students-genai-202610,default_when_silent,permit_all,Generative AI may be used as a tool to support student work unless otherwise specified in an assignment brief
harper-adams,Harper Adams University,England,harper-adams-students-genai-202610,decided_by,assessment_brief,Generative AI may be used as a tool to support student work unless otherwise specified in an assignment brief
harper-adams,Harper Adams University,England,harper-adams-students-genai-202610,decided_by,institution_wide,This policy applies to all students including apprentices on taught undergraduate and postgraduate courses.
harper-adams,Harper Adams University,England,harper-adams-students-genai-202610,contents,tool_name,"Name and version of the generative AI system used, e.g., ChatGPT-3.5"
harper-adams,Harper Adams University,England,harper-adams-students-genai-202610,contents,tool_version,"Name and version of the generative AI system used, e.g., ChatGPT-3.5"
harper-adams,Harper Adams University,England,harper-adams-students-genai-202610,contents,how_used,Brief description (single sentence) of how the tool was used
harper-adams,Harper Adams University,England,harper-adams-students-genai-202610,location,statement_in_work,All use of generative AI must be acknowledged in an ‘Acknowledgements’ section on the first page of any piece of academic work where it has been used.
harper-adams,Harper Adams University,England,harper-adams-students-genai-202610,records,recommended,students are encouraged to keep a record of any AI usage (e.g. saved searches).
harper-adams,Harper Adams University,England,harper-adams-students-genai-202610,consequence,treated_as_misconduct,"Misconduct arises from the inclusion of unattributed material, including AI sources, as opposed to solely the misuse of citation conventions."
kingston-london,Kingston University London,England,kingston-london-students-genai-202610,duty,always_required,Contributions by artificial intelligence (AI) tools must also be properly acknowledged.
kingston-london,Kingston University London,England,kingston-london-students-genai-202610,decided_by,assessment_brief,except where the nature of the assessment makes this permissible and is explicitly stated in the assessment brief.
kingston-london,Kingston University London,England,kingston-london-students-genai-202610,consequence,treated_as_misconduct,The University will typically consider this academic misconduct as a type of plagiarism.
kingston-london,Kingston University London,England,kingston-london-students-genai-202610,exempt,assignment_designed_for_ai,except where the nature of the assessment makes this permissible and is explicitly stated in the assessment brief.
swansea,Swansea University,Wales,swansea-students-genai-202610,duty,conditional,Follow assessment instructions around permitted AI use and disclosure
swansea,Swansea University,Wales,swansea-students-genai-202610,decided_by,assessment_brief,Follow assessment instructions around permitted AI use and disclosure
swansea,Swansea University,Wales,swansea-students-genai-202610,location,with_references,"Apply institutional accepted referencing standards for AI tools, including in-text citations, reference lists, and university declaration statements."
swansea,Swansea University,Wales,swansea-students-genai-202610,referencing,cite_in_reference_list,"Apply institutional accepted referencing standards for AI tools, including in-text citations, reference lists, and university declaration statements."
aberdeen,University of Aberdeen,Scotland,aberdeen-students-genai-202610,duty,always_required,"If you use GenAI tools for preparing your assignment, ensure you acknowledge them according to the guidance available."
aberdeen,University of Aberdeen,Scotland,aberdeen-students-genai-202610,default_when_silent,ask_instructor,If in doubt about their use ask your Course Coordinator.
aberdeen,University of Aberdeen,Scotland,aberdeen-students-genai-202610,decided_by,module_or_lecturer,Adhere to the assessment guidelines specified by your Course Coordinator.
aberdeen,University of Aberdeen,Scotland,aberdeen-students-genai-202610,decided_by,assessment_brief,Ensure you check your course guide and assessment instructions for guidance on the use of GenAI tools in work submitted for assessment.
aberdeen,University of Aberdeen,Scotland,aberdeen-students-genai-202610,contents,tool_name,The name(s) of the GenAI tool(s) used
aberdeen,University of Aberdeen,Scotland,aberdeen-students-genai-202610,contents,how_used,A statement summarising how they were used
aberdeen,University of Aberdeen,Scotland,aberdeen-students-genai-202610,contents,date_accessed,The date on which the content was generated
aberdeen,University of Aberdeen,Scotland,aberdeen-students-genai-202610,referencing,follow_guide,"If you use GenAI tools for preparing your assignment, ensure you acknowledge them according to the guidance available."
aberdeen,University of Aberdeen,Scotland,aberdeen-students-genai-202610,records,required,"Ensure you keep copies of drafts, notes, your workings, and any annotations or comments on documents, so that you can show the development of your ideas and writing."
aberdeen,University of Aberdeen,Scotland,aberdeen-students-genai-202610,consequence,treated_as_misconduct,"using GenAI tools to generate content for work submitted for assessment, without authorisation or acknowledgement, will be regarded as academic misconduct"
east-anglia,University of East Anglia,England,east-anglia-students-genai-202610,duty,always_required,"Make sure that students know that if they use it within their work, that they must reference the contribution made."
east-anglia,University of East Anglia,England,east-anglia-students-genai-202610,decided_by,school_or_department,each School of Study should meet at least once per academic year to discuss the impact of generative AI on their assessment design and set School-level expectations around the appropriate use of AI for students within their discipline.
east-anglia,University of East Anglia,England,east-anglia-students-genai-202610,decided_by,assessment_brief,"Module organisers should make it clear within assessment briefs how Generative AI can be used, ensuring that the policy is adhered to, or where it differs explain why."
east-anglia,University of East Anglia,England,east-anglia-students-genai-202610,decided_by,institution_wide,where there is a School approach or practice which differs from the general University guidance (as set out in this policy)
east-anglia,University of East Anglia,England,east-anglia-students-genai-202610,contents,tool_name,Author of AI model used. (Year of AI model used). Name of AI model used (Version of AI model used) [Type or description of AI model used]. Web address of AI model used
east-anglia,University of East Anglia,England,east-anglia-students-genai-202610,contents,tool_version,Author of AI model used. (Year of AI model used). Name of AI model used (Version of AI model used) [Type or description of AI model used]. Web address of AI model used
east-anglia,University of East Anglia,England,east-anglia-students-genai-202610,contents,prompts,And a screenshot of the full thread of the cited AI interactions pasted to an Appendix.
east-anglia,University of East Anglia,England,east-anglia-students-genai-202610,contents,outputs,And a screenshot of the full thread of the cited AI interactions pasted to an Appendix.
east-anglia,University of East Anglia,England,east-anglia-students-genai-202610,contents,learning_reflection,Students should reflect on AI feedback and other outputs against their own knowledge and understanding and report on the guidance which has been provided and how they may or may not include it in their work.
east-anglia,University of East Anglia,England,east-anglia-students-genai-202610,contents,how_used,A general overview use declaration (in the submission declaration) in which you explain in general how technology assistance was used
east-anglia,University of East Anglia,England,east-anglia-students-genai-202610,location,coversheet_or_form,A general overview use declaration (in the submission declaration)
east-anglia,University of East Anglia,England,east-anglia-students-genai-202610,location,appendix,And a screenshot of the full thread of the cited AI interactions pasted to an Appendix.
east-anglia,University of East Anglia,England,east-anglia-students-genai-202610,referencing,cite_in_reference_list,"Specifically, when you would cite a human (for the idea, exact or general wording) then cite the technology:"
east-anglia,University of East Anglia,England,east-anglia-students-genai-202610,exempt,assignment_designed_for_ai,Make sure that students know that they cannot copy and paste AI generated content (when it is not part of the assessment design itself).
highlands-and-islands,University of the Highlands and Islands,Scotland,highlands-and-islands-students-genai-202610,duty,always_required,"All use of GAI must be acknowledged, and full details of how to do this are in the GAI policy."
highlands-and-islands,University of the Highlands and Islands,Scotland,highlands-and-islands-students-genai-202610,default_when_silent,prohibit_all,Do not use GAI to help you with course work or assessments unless you have permission from your tutor or lecturer.
highlands-and-islands,University of the Highlands and Islands,Scotland,highlands-and-islands-students-genai-202610,decided_by,module_or_lecturer,Your tutor/lecturer will tell you if and how GAI may be used in your unit/module.
highlands-and-islands,University of the Highlands and Islands,Scotland,highlands-and-islands-students-genai-202610,decided_by,school_or_department,You should be told at induction and in the programme handbook what the general position is on the use of GAI on your course
highlands-and-islands,University of the Highlands and Islands,Scotland,highlands-and-islands-students-genai-202610,decided_by,assessment_brief,"lecturers should also make this clear in the context of their own unit or modules, and the specific assignments they ask you to undertake."
highlands-and-islands,University of the Highlands and Islands,Scotland,highlands-and-islands-students-genai-202610,referencing,follow_guide,Cite Them Right has a good article on Use of artificial intelligence (AI) sources in academic work.
highlands-and-islands,University of the Highlands and Islands,Scotland,highlands-and-islands-students-genai-202610,consequence,treated_as_misconduct,Please note that failure to cite and reference GAI content will be treated as a form of academic misconduct.
northampton,University of Northampton,England,northampton-students-genai-202610,duty,conditional,Some uses of AI are seen as ‘permitted use’ and do not normally require an acknowledgement in your work.
northampton,University of Northampton,England,northampton-students-genai-202610,default_when_silent,ask_instructor,"If your use of AI is not listed above, you should check first with your tutor to see if your use of AI is allowed in your assessment."
northampton,University of Northampton,England,northampton-students-genai-202610,decided_by,tiered_scale,Most assessments in UON will fall into one of the three following categories:
northampton,University of Northampton,England,northampton-students-genai-202610,decided_by,assessment_brief,"Before using any AI to support an assessment, you should always check and follow your assessment brief and your tutor’s guidance on use of AI."
northampton,University of Northampton,England,northampton-students-genai-202610,decided_by,module_or_lecturer,You should always check and follow your tutor’s guidance on use of AI within your work.
northampton,University of Northampton,England,northampton-students-genai-202610,contents,tool_name,This should include the name of the AI software that you used and a clear description of where and how the output was used in your work.
northampton,University of Northampton,England,northampton-students-genai-202610,contents,how_used,This should include the name of the AI software that you used and a clear description of where and how the output was used in your work.
northampton,University of Northampton,England,northampton-students-genai-202610,location,appendix,Acknowledgements should be included as appendices in your assessment.
northampton,University of Northampton,England,northampton-students-genai-202610,consequence,treated_as_misconduct,Not doing so can be seen as academic misconduct.
northampton,University of Northampton,England,northampton-students-genai-202610,exempt,check_language,"Checking spelling, punctuation and grammar"
northampton,University of Northampton,England,northampton-students-genai-202610,exempt,find_sources,Researching or finding sources
northampton,University of Northampton,England,northampton-students-genai-202610,exempt,record_or_transcribe,Audio-transcription
bangor,Bangor University,Wales,bangor-students-genai-202610,duty,conditional,You will complete and submit this with all Category 2 and Category 3 assessments.
bangor,Bangor University,Wales,bangor-students-genai-202610,decided_by,tiered_scale,"The University has Gen-AI categories for assessment, which guide you on how Gen-AI can be used in completing the assessment."
bangor,Bangor University,Wales,bangor-students-genai-202610,decided_by,assessment_brief,Assessment’s Gen-AI Category (see the Assessment Brief): 2 or 3 (delate as appropriate)
bangor,Bangor University,Wales,bangor-students-genai-202610,decided_by,module_or_lecturer,"If you do have any queries about a particular assessment, you should discuss this with the member of staff who set the assessment."
bangor,Bangor University,Wales,bangor-students-genai-202610,contents,how_used,declare if and how you have used it using the Gen-AI coversheet.
bangor,Bangor University,Wales,bangor-students-genai-202610,location,coversheet_or_form,You will complete and submit this with all Category 2 and Category 3 assessments.
bangor,Bangor University,Wales,bangor-students-genai-202610,consequence,treated_as_misconduct,"use of Gen-AI beyond that declared on the Gen-AI coversheet and/or misrepresentation of use, may represent a breach of the fitness to practice requirements for that programme."
canterbury,Canterbury Christ Church University,England,canterbury-students-genai-202610,duty,always_required,You must acknowledge all use of GenAI in the preparation for assessment and reference its direct use correctly (see the section on Referencing above).
canterbury,Canterbury Christ Church University,England,canterbury-students-genai-202610,default_when_silent,use_by_use_rule,"You may not use GenAI to produce work for assessment, unless explicitly told to do so by your module lead."
canterbury,Canterbury Christ Church University,England,canterbury-students-genai-202610,decided_by,module_or_lecturer,Always check and follow the guidance provided by your lecturers if you are considering using GenAI for your academic work.
canterbury,Canterbury Christ Church University,England,canterbury-students-genai-202610,decided_by,tiered_scale,your module assessment will be rated 1-5 using the Artificial Intelligence Assessment Scale (AIAS) found in your module handbook.
canterbury,Canterbury Christ Church University,England,canterbury-students-genai-202610,decided_by,institution_wide,GenAI should be used in accordance with the guidance given here.
canterbury,Canterbury Christ Church University,England,canterbury-students-genai-202610,location,statement_in_work,Always acknowledge the use of GenAI in your work using the relevant statement provided in your module handbook.
canterbury,Canterbury Christ Church University,England,canterbury-students-genai-202610,location,with_references,Always reference GenAI in your work.
canterbury,Canterbury Christ Church University,England,canterbury-students-genai-202610,referencing,cite_in_reference_list,Always reference GenAI in your work.
canterbury,Canterbury Christ Church University,England,canterbury-students-genai-202610,consequence,treated_as_misconduct,"Without acknowledgement of the use of a GenAI tool, you risk academic misconduct."
edinburgh-napier,Edinburgh Napier University,Scotland,edinburgh-napier-students-genai-202610,duty,always_required,you are required to submit an AI declaration form on Moodle for every assessment which includes information if and how you have used Gen AI.
edinburgh-napier,Edinburgh Napier University,Scotland,edinburgh-napier-students-genai-202610,default_when_silent,ask_instructor,"If you are unsure about permissible use of Gen AI in your assessments, check the Assessment Brief and ask your module leader/tutor."
edinburgh-napier,Edinburgh Napier University,Scotland,edinburgh-napier-students-genai-202610,decided_by,module_or_lecturer,You should always first check with your module leader or tutor about what – if any – use of Gen AI is allowed in your work.
edinburgh-napier,Edinburgh Napier University,Scotland,edinburgh-napier-students-genai-202610,decided_by,assessment_brief,"If you are unsure about permissible use of Gen AI in your assessments, check the Assessment Brief and ask your module leader/tutor."
edinburgh-napier,Edinburgh Napier University,Scotland,edinburgh-napier-students-genai-202610,decided_by,institution_wide,The University does not ban the use of Gen AI by students.
edinburgh-napier,Edinburgh Napier University,Scotland,edinburgh-napier-students-genai-202610,contents,how_used,you are required to submit an AI declaration form on Moodle for every assessment which includes information if and how you have used Gen AI.
edinburgh-napier,Edinburgh Napier University,Scotland,edinburgh-napier-students-genai-202610,contents,learning_reflection,"In addition to the optional inclusion of a reflective narrative of the use of Gen AI as suggested above, all students are required to make a declaration of their use of Gen AI in their thesis, including in the course of the research reported in the thesis."
edinburgh-napier,Edinburgh Napier University,Scotland,edinburgh-napier-students-genai-202610,location,coversheet_or_form,you are required to submit an AI declaration form on Moodle for every assessment which includes information if and how you have used Gen AI.
edinburgh-napier,Edinburgh Napier University,Scotland,edinburgh-napier-students-genai-202610,location,thesis_declaration_or_preface,"all students are required to make a declaration of their use of Gen AI in their thesis, including in the course of the research reported in the thesis."
edinburgh-napier,Edinburgh Napier University,Scotland,edinburgh-napier-students-genai-202610,location,appendix,Options include a narrative account in your introduction or a detailed appendix.
edinburgh-napier,Edinburgh Napier University,Scotland,edinburgh-napier-students-genai-202610,referencing,cite_in_reference_list,"Appropriately cite any text or output generated by AI in your thesis, as you would any other sources."
edinburgh-napier,Edinburgh Napier University,Scotland,edinburgh-napier-students-genai-202610,records,recommended,Keep drafts and notes as you work.
edinburgh-napier,Edinburgh Napier University,Scotland,edinburgh-napier-students-genai-202610,consequence,treated_as_misconduct,You submit Gen AI content in an assessment as if it is your own work (undeclared use of Gen AI)
salford,University of Salford,England,salford-students-genai-202610,default_when_silent,permit_all,The default position across the University is that you may use GenAI in reasonable and appropriate ways to support your work.
salford,University of Salford,England,salford-students-genai-202610,decided_by,assessment_brief,"This can vary from one assessment to another, though, so you always need to check your Assessment Guidance document before using GenAI."
salford,University of Salford,England,salford-students-genai-202610,decided_by,institution_wide,The default position across the University is that you may use GenAI in reasonable and appropriate ways to support your work.
for-creative-arts,University for the Creative Arts,England,for-creative-arts-students-genai-202610,duty,always_required,"If you have used or referred to information created by an artificial intelligence (AI) tool in your work, you must acknowledge this as a source in your work."
for-creative-arts,University for the Creative Arts,England,for-creative-arts-students-genai-202610,contents,tool_name,reference the AI tool used and the content obtained; and
for-creative-arts,University for the Creative Arts,England,for-creative-arts-students-genai-202610,contents,how_used,explain how the AI content has been reused within the assessment.
for-creative-arts,University for the Creative Arts,England,for-creative-arts-students-genai-202610,contents,outputs,reference the AI tool used and the content obtained; and
for-creative-arts,University for the Creative Arts,England,for-creative-arts-students-genai-202610,contents,prompts,"If there is no URL to share, then you should provide a full transcript of prompts and responses from your conversation in the appendix."
for-creative-arts,University for the Creative Arts,England,for-creative-arts-students-genai-202610,location,with_references,"The acknowledgement will consist of a citation and a corresponding entry in your Bibliography, and in the case of images, an image caption and a corresponding entry in your List of Illustrations."
for-creative-arts,University for the Creative Arts,England,for-creative-arts-students-genai-202610,location,appendix,"If there is no URL to share, then you should provide a full transcript of prompts and responses from your conversation in the appendix."
for-creative-arts,University for the Creative Arts,England,for-creative-arts-students-genai-202610,referencing,cite_in_reference_list,"The acknowledgement will consist of a citation and a corresponding entry in your Bibliography, and in the case of images, an image caption and a corresponding entry in your List of Illustrations."
for-creative-arts,University for the Creative Arts,England,for-creative-arts-students-genai-202610,consequence,safe_if_declared,"In such cases, you will have acted with integrity and academic misconduct will not have been committed."
mtu,Munster Technological University,Ireland,mtu-students-genai-202610,decided_by,assessment_brief,The use of Generative Artificial Intelligence that does not comply with assignment instructions;
york-st-john,York St John University,England,york-st-john-students-genai-202610,duty,always_required,"If you use a GenAI tool as part of your learning or assessment, you must clearly state this on your work."
york-st-john,York St John University,England,york-st-john-students-genai-202610,default_when_silent,use_by_use_rule,"Unless your assignment brief tells you otherwise, you can use AI to:"
york-st-john,York St John University,England,york-st-john-students-genai-202610,decided_by,assessment_brief,"Unless your assignment brief tells you otherwise, you can use AI to:"
york-st-john,York St John University,England,york-st-john-students-genai-202610,decided_by,module_or_lecturer,"I have checked my assessment brief, or with my module tutor, and the use of GenAI tools is not prohibited for my assessment type."
york-st-john,York St John University,England,york-st-john-students-genai-202610,contents,how_used,"Describing how you used it, on a cover sheet or reflective note, and"
york-st-john,York St John University,England,york-st-john-students-genai-202610,contents,prompts,Submitting your prompts and outputs with your work.
york-st-john,York St John University,England,york-st-john-students-genai-202610,contents,tool_name,Submitting GenAI generated content without citation of the AI tool or evidence of how you used it (Principles 1 and 2)
york-st-john,York St John University,England,york-st-john-students-genai-202610,contents,outputs,Submitting your prompts and outputs with your work.
york-st-john,York St John University,England,york-st-john-students-genai-202610,location,coversheet_or_form,"Describing how you used it, on a cover sheet or reflective note, and"
york-st-john,York St John University,England,york-st-john-students-genai-202610,location,statement_in_work,you must clearly state this on your work.
york-st-john,York St John University,England,york-st-john-students-genai-202610,location,appendix,I know I may be asked to provide these as an appendix to my assessment or as part of any misconduct process.
york-st-john,York St John University,England,york-st-john-students-genai-202610,referencing,follow_guide,you are expected to follow the same format for citing your use of AI tools.
york-st-john,York St John University,England,york-st-john-students-genai-202610,records,recommended,I have saved copies of GenAI outputs used in preparing my assessment.
york-st-john,York St John University,England,york-st-john-students-genai-202610,consequence,treated_as_misconduct,Using AI may not be cheating - but hiding it could be a breach of academic integrity.
keele,Keele University,England,keele-students-genai-202610,duty,always_required,"Staff should remind students that they must disclose when AI tools have been used in their work, that they require proper citation and refer them to the Academic Misconduct Code of Practice"
keele,Keele University,England,keele-students-genai-202610,decided_by,assessment_brief,"Students must be advised on how AI can be used in assessments, and this must be clearly stated, as outlined in the Assessment and Feedback Code of Practice"
middlesex-london,Middlesex University London,England,middlesex-london-students-genai-202610,duty,always_required,The use of Gen AI in producing work should be transparent and always disclosed.
middlesex-london,Middlesex University London,England,middlesex-london-students-genai-202610,decided_by,institution_wide,"This policy provides a University level framework for staff and students in the reasonable use of Generative Artificial Intelligence (Gen AI) in Learning, Teaching and Assessment practices at Middlesex University"
middlesex-london,Middlesex University London,England,middlesex-london-students-genai-202610,decided_by,school_or_department,there may be rationale for further faculty or subject based frameworks to meet local need.
middlesex-london,Middlesex University London,England,middlesex-london-students-genai-202610,decided_by,assessment_brief,"All assessments should make clear the expectations for use of Gen AI, and where the use of Gen AI is not permitted."
middlesex-london,Middlesex University London,England,middlesex-london-students-genai-202610,decided_by,tiered_scale,The University has identified three categories for the use of Gen AI in assessment:
winchester,University of Winchester,England,winchester-students-genai-202610,duty,conditional,Students and colleagues should state where AI has been used substantially.
winchester,University of Winchester,England,winchester-students-genai-202610,decided_by,assessment_brief,"Assessment guidance will make clear when the use of Generative AI tools is not permitted, when it is permitted, and under what conditions."
winchester,University of Winchester,England,winchester-students-genai-202610,contents,extent_or_scope,Students and colleagues should state where AI has been used substantially.
winchester,University of Winchester,England,winchester-students-genai-202610,contents,why_used,"Being clear about what has been used and why not only maintains the integrity of your own work, skills, and judgement"
dcu,Dublin City University,Ireland,dcu-students-genai-202610,duty,always_required,Be transparent about using AI - always cite and reference your use.
dcu,Dublin City University,Ireland,dcu-students-genai-202610,default_when_silent,ask_instructor,"Always consult your lecturer before use, academic misconduct includes submitting unauthorised generative AI work."
dcu,Dublin City University,Ireland,dcu-students-genai-202610,decided_by,module_or_lecturer,Students should always check any specific module advice or guidelines on the use of generative AI tools.
dcu,Dublin City University,Ireland,dcu-students-genai-202610,referencing,cite_in_reference_list,Be transparent about using AI - always cite and reference your use.
hartpury,Hartpury University,England,hartpury-students-genai-202610,duty,always_required,students must always adhere to JCQ guidelines and maintain academic integrity by acknowledging any AI use.
hartpury,Hartpury University,England,hartpury-students-genai-202610,contents,tool_name,the student must show the name of the AI source and the date the content was generated.
hartpury,Hartpury University,England,hartpury-students-genai-202610,contents,date_accessed,the student must show the name of the AI source and the date the content was generated.
hartpury,Hartpury University,England,hartpury-students-genai-202610,contents,how_used,provide a brief explanation of how it has been used.
hartpury,Hartpury University,England,hartpury-students-genai-202610,contents,prompts,The student must also retain a copy of the question(s) and computer-generated content for reference and authentication purposes in a non-editable format (e.g. screenshot)
hartpury,Hartpury University,England,hartpury-students-genai-202610,contents,outputs,The student must also retain a copy of the question(s) and computer-generated content for reference and authentication purposes in a non-editable format (e.g. screenshot)
hartpury,Hartpury University,England,hartpury-students-genai-202610,referencing,cite_in_reference_list,"if the qualification/ assessment rules allow the use of AI tools, students must reference any content produced correctly."
hartpury,Hartpury University,England,hartpury-students-genai-202610,records,required,The student must also retain a copy of the question(s) and computer-generated content for reference and authentication purposes in a non-editable format (e.g. screenshot)
hartpury,Hartpury University,England,hartpury-students-genai-202610,consequence,treated_as_misconduct,Failure to reference AI use correctly is malpractice.
east-london,University of East London,England,east-london-students-genai-202610,duty,always_required,"If you do use Generative AI for your assessed work, you must acknowledge that you have used it (see Referencing)."
east-london,University of East London,England,east-london-students-genai-202610,decided_by,school_or_department,You must follow the latest guidance on using Generative AI as provided by your School.
lancaster,Lancaster University,England,lancaster-students-genai-202610,duty,conditional,The submission of undeclared work which is either generated and/or improved by language model software for the purposes of gaining marks will be regarded as False Authorship and interpreted as an attempt to gain an intentional unfair academic advantage.
lancaster,Lancaster University,England,lancaster-students-genai-202610,consequence,treated_as_misconduct,The submission of undeclared work which is either generated and/or improved by language model software for the purposes of gaining marks will be regarded as False Authorship and interpreted as an attempt to gain an intentional unfair academic advantage.
lse,London School of Economics and Political Science,England,lse-students-genai-202610,decided_by,school_or_department,"each department sets out its own policy for assessments, whether they allow no, limited or full authorised use of generative AI."
setu,South East Technological University,Ireland,setu-students-genai-202610,duty,conditional,"Where permitted, documented use of GenAI, and any other tools for writing or producing any work which is submitted for assessment, should be appropriately acknowledged as required under SETU regulations for undergraduate and taught postgraduate programmes, as well as regulations set out for research candidates."
setu,South East Technological University,Ireland,setu-students-genai-202610,decided_by,module_or_lecturer,Students should be guided by their lecturers on the acceptable usage of GenAI within their assessments.
setu,South East Technological University,Ireland,setu-students-genai-202610,decided_by,school_or_department,"While specific guidance on GenAI for learning and assessment will be provided by SETU through the student's Faculty, Department, Programme and/or internal examiner"
setu,South East Technological University,Ireland,setu-students-genai-202610,referencing,cite_in_reference_list,"acknowledgement is given to the contributions of others, which includes substantive contribution of technology, including generative artificial intelligence in any work, through appropriate internal citations and references."
city-st-georges-london,"City St George's, University of London",England,city-st-georges-london-students-genai-202610,decided_by,module_or_lecturer,You should never use AI for an assignment without the express permission of your module leader.
abertay,Abertay University,Scotland,abertay-students-genai-202610,consequence,treated_as_misconduct,Unacceptable use of AI (Artificial Intelligence) is where a student uses an AI tool/s to generate academic work on their behalf and presents AI ideas as their own without appropriate acknowledgement.
london-south-bank,London South Bank University,England,london-south-bank-students-genai-202610,duty,conditional,help you complete any declarations that need to be submitted with your assignments.
london-south-bank,London South Bank University,England,london-south-bank-students-genai-202610,records,recommended,It's important you develop a strategy for using AI tools in your work before you start. This means you can keep track of how and when you use them
london-school-hygiene-and-tropical-medicine,London School of Hygiene & Tropical Medicine,England,london-school-hygiene-and-tropical-medicine-students-genai-202610,duty,always_required,"Always remember that, whilst you may use AI to assist you, you must declare this."
london-school-hygiene-and-tropical-medicine,London School of Hygiene & Tropical Medicine,England,london-school-hygiene-and-tropical-medicine-students-genai-202610,location,with_references,You must cite AI tools and include them in your reference list.
london-school-hygiene-and-tropical-medicine,London School of Hygiene & Tropical Medicine,England,london-school-hygiene-and-tropical-medicine-students-genai-202610,referencing,cite_in_reference_list,You must cite AI tools and include them in your reference list.
northumbria,Northumbria University,England,northumbria-students-genai-202610,duty,always_required,"If you use Claude in your work, you must acknowledge it."
northumbria,Northumbria University,England,northumbria-students-genai-202610,decided_by,assessment_brief,unless the assessment guidelines (which will be outlined in your assessment brief) specifically allow it.
northumbria,Northumbria University,England,northumbria-students-genai-202610,contents,how_used,You must explain how and where you used AI in your work and reference it where appropriate.
northumbria,Northumbria University,England,northumbria-students-genai-202610,referencing,follow_guide,"For quick guidance on how to reference AI tools properly, including declaration examples, visit the University Library’s AI referencing guide."
cardiff,Cardiff University,Wales,cardiff-students-genai-202610,decided_by,module_or_lecturer,"Before you use any AI tool to support your assessed work, please check the guidance from your module or course and read the University’s guidance for students on using artificial intelligence in your learning."
aub,Arts University Bournemouth,England,aub-students-genai-202610,duty,always_required,"Failure to reference the use of Gen AI, including the submission of work which is not a student’s own, will in all cases be considered a matter of Academic Misconduct."
aub,Arts University Bournemouth,England,aub-students-genai-202610,decided_by,school_or_department,It is for course teams – not individual staff members – to agree the type and level of use which is acceptable at different stages of the course.
aub,Arts University Bournemouth,England,aub-students-genai-202610,decided_by,assessment_brief,confirmation of acceptable use should be included within assignment briefs.
aub,Arts University Bournemouth,England,aub-students-genai-202610,referencing,follow_guide,Guidance on how to reference the use of Gen AI has been produced by the Library.
aub,Arts University Bournemouth,England,aub-students-genai-202610,consequence,treated_as_misconduct,"Failure to reference the use of Gen AI, including the submission of work which is not a student’s own, will in all cases be considered a matter of Academic Misconduct."
kcl,King's College London,England,kcl-students-genai-202610,duty,always_required,King's requires students to acknowledge any use of generative AI tools in coursework by including a declaration statement along with your references.
kcl,King's College London,England,kcl-students-genai-202610,decided_by,tiered_scale,We have suggested four broad levels that your Programme and Module leaders may adjust to the specifics of an assessment:
kcl,King's College London,England,kcl-students-genai-202610,decided_by,school_or_department,"It is absolutely essential that you are clear about any particular requirements or restrictions at programme level as these can vary, even across modules."
kcl,King's College London,England,kcl-students-genai-202610,decided_by,assessment_brief,so long as acknowledged use falls within the scope of appropriate use as defined in the assessment brief/guidance
kcl,King's College London,England,kcl-students-genai-202610,contents,tool_name,insert AI tool(s) and links and/or how used
kcl,King's College London,England,kcl-students-genai-202610,contents,how_used,insert AI tool(s) and links and/or how used
kcl,King's College London,England,kcl-students-genai-202610,location,statement_in_work,King's requires students to acknowledge any use of generative AI tools in coursework by including a declaration statement along with your references.
kcl,King's College London,England,kcl-students-genai-202610,location,with_references,King's requires students to acknowledge any use of generative AI tools in coursework by including a declaration statement along with your references.
kcl,King's College London,England,kcl-students-genai-202610,referencing,acknowledge_without_reference_entry,"King’s College London, unlike some other universities, does not require students to reference generative AI as an authoritative source in the reference list"
kcl,King's College London,England,kcl-students-genai-202610,consequence,treated_as_misconduct,Inappropriate use without attribution is considered academic misconduct.
kcl,King's College London,England,kcl-students-genai-202610,exempt,check_language,Note. Using software for English grammar and spell checking is consistent with Statement 1.
kcl,King's College London,England,kcl-students-genai-202610,exempt,spellcheck_or_embedded_tools,"We understand that common tools (such as grammar and spell checks) are already embedded into the software you use for assignments and, unless measurement of spelling, for example, is an aspect of an assessment we would not anticipate any issues."
loughborough,Loughborough University,England,loughborough-students-genai-202610,duty,always_required,I will appropriately reference the use of GenAI tools in my work
loughborough,Loughborough University,England,loughborough-students-genai-202610,decided_by,assessment_brief,I will ensure that I have fully complied with the requirements in the assessment brief setting out how GenAI may or may not be used.
loughborough,Loughborough University,England,loughborough-students-genai-202610,contents,outputs,I will save copies of any GenAI outputs used in the development work for my assessment.
loughborough,Loughborough University,England,loughborough-students-genai-202610,location,appendix,I understand that these outputs may be required as an appendix to my assessment or as part of any academic misconduct process
loughborough,Loughborough University,England,loughborough-students-genai-202610,records,required,I will save copies of any GenAI outputs used in the development work for my assessment.
strath,University of Strathclyde,Scotland,strath-students-genai-202610,duty,conditional,not disclosing the use of Gen-AI when this is required
strath,University of Strathclyde,Scotland,strath-students-genai-202610,decided_by,module_or_lecturer,Your module and/or programme leader will make it clear whether or not the use of Gen-AI in general and any Gen-AI tools or service in particular is permitted when they explain the task they are asking you to complete.
strath,University of Strathclyde,Scotland,strath-students-genai-202610,decided_by,school_or_department,your Department’s expectations around how you should complete that task
strath,University of Strathclyde,Scotland,strath-students-genai-202610,decided_by,assessment_brief,You should also check the rules and guidance for each individual assessment as these may vary.
ucl,University College London,England,ucl-students-genai-202610,duty,always_required,"Students must acknowledge GenAI use, but do not need to cite it."
ucl,University College London,England,ucl-students-genai-202610,decided_by,module_or_lecturer,The final decision about how GenAI may or may not be used is up to the staff member setting the assessment.
ucl,University College London,England,ucl-students-genai-202610,decided_by,assessment_brief,instructions given in assessment briefs take precedence over the information on this page
ucl,University College London,England,ucl-students-genai-202610,decided_by,tiered_scale,Colleagues from across UCL have pooled their expertise to offer a three-tiered categorisation of GenAI use in an assessment.
ucl,University College London,England,ucl-students-genai-202610,contents,how_used,they should acknowledge how they have used it as part of their assessment submission.
ucl,University College London,England,ucl-students-genai-202610,referencing,acknowledge_without_reference_entry,"Students must acknowledge GenAI use, but do not need to cite it."
